Sitevisitid,Site,Assoc Occ Siteid,Occ Siteid,Date,Latitude,Longitude,Type,Fish Rea Survey Yn,Coral Belt Adult Yn,Coral Belt Juvenile Yn,Photoquad Yn,Sfm Yn,Bmus Deploy Yn,Bmus Retrieve Yn,Caus Deploy Yn,Caus Retrieve Yn,Cb Activity Yn,Ctd Activity Yn,Ds Suite Activity Yn,H2o Activity Yn,Str Dep Activity Yn,Str Rec Activity Yn
51025,HOW-642,OCC-HOW-006,,15-Mar-23,0.807014,-176.622131,Oceanography,NO,NO,NO,NO,NO,NO,NO,NO,NO,NO,YES,NO,YES,NO,NO
51028,HOW-1103,,,16-Mar-23,0.823798,-176.626408,Fish,YES,NO,NO,YES,YES,NO,NO,NO,NO,NO,YES,NO,YES,NO,NO
51029,HOW-1100,,,16-Mar-23,0.815954,-176.613293,Fish,YES,NO,NO,YES,YES,NO,NO,NO,NO,NO,YES,NO,YES,NO,NO
51030,HOW-1094,,,16-Mar-23,0.820194,-176.617078,Fish,YES,NO,NO,YES,YES,NO,NO,NO,NO,NO,NO,NO,NO,NO,NO
51031,HOW-1070,,,16-Mar-23,0.812445,-176.612221,Fish,YES,NO,NO,YES,YES,NO,NO,NO,NO,NO,NO,NO,NO,NO,NO
51080,BAK-2084,,,18-Mar-23,0.188188,-176.480172,Fish,YES,NO,NO,YES,YES,NO,NO,NO,NO,NO,YES,NO,YES,NO,NO
51033,HOW-1076,,,16-Mar-23,0.791022,-176.615021,Fish,NO,NO,NO,NO,YES,NO,NO,NO,NO,NO,NO,NO,NO,NO,NO
51081,BAK-2086,,,18-Mar-23,0.191287,-176.489106,Fish,YES,NO,NO,YES,YES,NO,NO,NO,NO,NO,YES,NO,YES,NO,NO
51082,BAK-2054,,,18-Mar-23,0.201009,-176.483657,Fish,YES,NO,NO,YES,NO,NO,NO,NO,NO,NO,YES,NO,YES,NO,NO
51083,BAK-2046,,,18-Mar-23,0.201378,-176.469799,Fish,YES,NO,NO,YES,YES,NO,NO,NO,NO,NO,NO,NO,NO,NO,NO
51084,BAK-2062,,,18-Mar-23,0.194435,-176.462215,Fish,YES,NO,NO,YES,YES,NO,NO,NO,NO,NO,NO,NO,NO,NO,NO
51085,BAK-2029,,,18-Mar-23,0.193764,-176.466134,Fish,NO,NO,NO,NO,YES,NO,NO,NO,NO,NO,NO,NO,NO,NO,NO
51160,SWA-989,,,1-Apr-23,-11.046284,-171.081534,Benthic,NO,YES,YES,YES,YES,NO,NO,NO,NO,NO,NO,NO,NO,NO,NO
51240,OFU-1324,,,6-Apr-23,-14.192098,-169.616921,Benthic,NO,YES,YES,YES,YES,NO,NO,NO,NO,NO,NO,NO,NO,NO,NO
51241,OFU-1322,,,6-Apr-23,-14.18306,-169.625283,Benthic,NO,YES,YES,YES,YES,NO,NO,NO,NO,NO,NO,NO,NO,NO,NO
51242,OFU-1316,,,6-Apr-23,-14.173035,-169.633476,Benthic,NO,YES,YES,YES,YES,NO,NO,NO,NO,NO,NO,NO,NO,NO,NO
51243,OFU-1294,,,6-Apr-23,-14.172359,-169.640311,Benthic,NO,YES,YES,YES,YES,NO,NO,NO,NO,NO,NO,NO,NO,NO,NO
51383,OFU-1346,,,15-Apr-23,-14.158967,-169.607252,Benthic,NO,YES,YES,YES,NO,NO,NO,NO,NO,NO,NO,NO,NO,NO,NO
51384,OFU-1319,,,15-Apr-23,-14.170443,-169.608361,Benthic,NO,YES,YES,YES,NO,NO,NO,NO,NO,NO,NO,NO,NO,NO,NO
51385,OFU-1334,,,15-Apr-23,-14.188147,-169.608235,Benthic,NO,YES,YES,YES,NO,NO,NO,NO,NO,NO,NO,NO,NO,NO,NO
51386,OFU-1301,,,15-Apr-23,-14.182585,-169.606608,Benthic,NO,YES,YES,YES,NO,NO,NO,NO,NO,NO,NO,NO,NO,NO,NO
51027,HOW-214,OCC-HOW-008,,15-Mar-23,0.806591,-176.621488,Oceanography,NO,NO,NO,NO,NO,NO,NO,NO,NO,NO,YES,NO,YES,NO,NO
51161,SWA-965,,,1-Apr-23,-11.047509,-171.087336,Benthic,NO,YES,YES,YES,YES,NO,NO,NO,NO,NO,NO,NO,NO,NO,NO
51162,SWA-962,,,1-Apr-23,-11.055925,-171.091664,Benthic,NO,YES,YES,YES,YES,NO,NO,NO,NO,NO,NO,NO,NO,NO,NO
51163,SWA-940,,,1-Apr-23,-11.067113,-171.082808,Benthic,NO,YES,YES,YES,YES,NO,NO,NO,NO,NO,NO,NO,NO,NO,NO
51164,SWA-977,,,1-Apr-23,-11.04716,-171.069025,Benthic,NO,YES,YES,YES,YES,NO,NO,NO,NO,NO,NO,NO,NO,NO,NO
51165,SWA-963,,,1-Apr-23,-11.045314,-171.072726,Benthic,NO,YES,YES,YES,YES,NO,NO,NO,NO,NO,NO,NO,NO,NO,NO
51166,SWA-941,,,1-Apr-23,-11.046226,-171.079621,Benthic,NO,YES,YES,YES,YES,NO,NO,NO,NO,NO,NO,NO,NO,NO,NO
51167,SWA-947,,,1-Apr-23,-11.053133,-171.064632,Benthic,NO,YES,YES,YES,YES,NO,NO,NO,NO,NO,NO,NO,NO,NO,NO
51226,BAK-950,,,17-Mar-23,0.200424,-176.72826,Oceanography,NO,NO,NO,NO,NO,NO,NO,NO,NO,NO,YES,NO,YES,NO,NO
51224,HOW-950,,,15-Mar-23,0.800328,-176.879248,Oceanography,NO,NO,NO,NO,NO,NO,NO,NO,NO,NO,YES,NO,YES,NO,NO
51225,HOW-951,,,16-Mar-23,0.812633,-176.36263,Oceanography,NO,NO,NO,NO,NO,NO,NO,NO,NO,NO,YES,NO,YES,NO,NO
51227,BAK-951,,,18-Mar-23,0.190811,-176.225395,Oceanography,NO,NO,NO,NO,NO,NO,NO,NO,NO,NO,YES,NO,YES,NO,NO
51068,BAK-11,,OCC-BAK-011,17-Mar-23,0.198612,-176.484889,Oceanography,NO,NO,NO,YES,NO,NO,NO,YES,YES,NO,NO,NO,NO,YES,NO
51232,ROS-5248,,,5-Apr-23,-14.535757,-168.163022,Benthic,NO,YES,YES,YES,YES,NO,NO,NO,NO,NO,NO,NO,NO,NO,NO
51233,ROS-5223,,,5-Apr-23,-14.541344,-168.172529,Benthic,NO,YES,YES,YES,YES,NO,NO,NO,NO,NO,NO,NO,NO,NO,NO
51234,ROS-5220,,,5-Apr-23,-14.537204,-168.168868,Benthic,NO,YES,YES,YES,YES,NO,NO,NO,NO,NO,NO,NO,NO,NO,NO
51235,ROS-5198,,,5-Apr-23,-14.537266,-168.16764,Benthic,NO,YES,YES,YES,YES,NO,NO,NO,NO,NO,NO,NO,NO,NO,NO
51280,TUT-5961,,,8-Apr-23,-14.340092,-170.791304,Benthic,NO,YES,YES,YES,YES,NO,NO,NO,NO,NO,NO,NO,NO,NO,NO
51281,TUT-5876,,,8-Apr-23,-14.330245,-170.8126,Benthic,NO,YES,YES,YES,YES,NO,NO,NO,NO,NO,NO,NO,NO,NO,NO
51282,TUT-5763,,,8-Apr-23,-14.326576,-170.834455,Benthic,NO,YES,YES,YES,YES,NO,NO,NO,NO,NO,NO,NO,NO,NO,NO
51283,TUT-5765,,,8-Apr-23,-14.326243,-170.837539,Benthic,NO,YES,YES,YES,NO,NO,NO,NO,NO,NO,NO,NO,NO,NO,NO
51284,TUT-5948,,,8-Apr-23,-14.350096,-170.789554,Benthic,NO,YES,YES,YES,YES,NO,NO,NO,NO,NO,NO,NO,NO,NO,NO
51285,TUT-5884,,,8-Apr-23,-14.335902,-170.803115,Benthic,NO,YES,YES,YES,YES,NO,NO,NO,NO,NO,NO,NO,NO,NO,NO
51286,TUT-5878,,,8-Apr-23,-14.334391,-170.818574,Benthic,NO,YES,YES,YES,YES,NO,NO,NO,NO,NO,NO,NO,NO,NO,NO
51287,TUT-5760,,,8-Apr-23,-14.330949,-170.830461,Benthic,NO,YES,YES,YES,YES,NO,NO,NO,NO,NO,NO,NO,NO,NO,NO
51320,TUT-5920,,,11-Apr-23,-14.255297,-170.622993,Benthic,NO,YES,YES,YES,YES,NO,NO,NO,NO,NO,NO,NO,NO,NO,NO
51321,TUT-5930,,,11-Apr-23,-14.252287,-170.652265,Benthic,NO,YES,YES,YES,YES,NO,NO,NO,NO,NO,NO,NO,NO,NO,NO
51322,TUT-5833,,,11-Apr-23,-14.250439,-170.657301,Benthic,NO,YES,YES,YES,YES,NO,NO,NO,NO,NO,NO,NO,NO,NO,NO
51323,TUT-5725,,,11-Apr-23,-14.247567,-170.673476,Benthic,NO,NO,NO,YES,NO,NO,NO,NO,NO,NO,NO,NO,NO,NO,NO
51423,TUT-5942,,,17-Apr-23,-14.28863,-170.63386,Benthic,NO,YES,YES,YES,NO,NO,NO,NO,NO,NO,NO,NO,NO,NO,NO
51424,TUT-5743,,,17-Apr-23,-14.279754,-170.6196,Benthic,NO,YES,YES,YES,NO,NO,NO,NO,NO,NO,NO,NO,NO,NO,NO
51425,TUT-5745,,,17-Apr-23,-14.272025,-170.608855,Benthic,NO,YES,YES,YES,NO,NO,NO,NO,NO,NO,NO,NO,NO,NO,NO
51426,TUT-5738,,,17-Apr-23,-14.277459,-170.60733,Benthic,NO,YES,YES,YES,NO,NO,NO,NO,NO,NO,NO,NO,NO,NO,NO
51087,BAK-2001,,OCC-BAK-005,18-Mar-23,0.191604,-176.46017,Oceanography,NO,NO,NO,YES,NO,NO,NO,NO,NO,NO,NO,NO,NO,YES,YES
51092,BAK-02,,OCC-BAK-008,18-Mar-23,0.1884,-176.479939,Oceanography,NO,NO,NO,YES,NO,NO,NO,YES,YES,NO,NO,NO,NO,YES,NO
51120,SWA-964,,,30-Mar-23,-11.066912,-171.083491,Benthic,NO,YES,YES,YES,YES,NO,NO,NO,NO,NO,NO,NO,NO,NO,NO
51121,SWA-983,,,30-Mar-23,-11.059661,-171.09055,Benthic,NO,YES,YES,YES,YES,NO,NO,NO,NO,NO,NO,NO,NO,NO,NO
51122,SWA-961,,,30-Mar-23,-11.050937,-171.091706,Benthic,NO,YES,YES,YES,YES,NO,NO,NO,NO,NO,NO,NO,NO,NO,NO
51123,SWA-937,,,30-Mar-23,-11.047582,-171.086668,Benthic,NO,YES,YES,YES,NO,NO,NO,NO,NO,NO,NO,NO,NO,NO,NO
51124,SWA-986,,,30-Mar-23,-11.068268,-171.07874,Benthic,NO,YES,YES,YES,YES,NO,NO,NO,NO,NO,NO,NO,NO,NO,NO
51484,TUT-5913,,,20-Apr-23,-14.294678,-170.565554,Benthic,NO,YES,YES,YES,YES,NO,NO,NO,NO,NO,NO,NO,NO,NO,NO
51485,TUT-5804,,,20-Apr-23,-14.30062,-170.573322,Benthic,NO,YES,YES,YES,YES,NO,NO,NO,NO,NO,NO,NO,NO,NO,NO
51486,TUT-5713,,,20-Apr-23,-14.290293,-170.550115,Benthic,NO,NO,NO,YES,NO,NO,NO,NO,NO,NO,NO,NO,NO,NO,NO
51487,TUT-5909,,,20-Apr-23,-14.280773,-170.545029,Benthic,NO,YES,YES,YES,NO,NO,NO,NO,NO,NO,NO,NO,NO,NO,NO
51488,TUT-5807,,,20-Apr-23,-14.293184,-170.555268,Benthic,NO,NO,NO,YES,NO,NO,NO,NO,NO,NO,NO,NO,NO,NO,NO
51020,HOW-1090,,,15-Mar-23,0.803903,-176.621226,Fish,YES,NO,NO,YES,YES,NO,NO,NO,NO,NO,NO,NO,NO,NO,NO
51021,HOW-1061,,,15-Mar-23,0.818948,-176.625493,Fish,YES,NO,NO,YES,NO,NO,NO,NO,NO,NO,NO,NO,NO,NO,NO
51024,HOW-214,,OCC-HOW-008,15-Mar-23,0.806556,-176.62136,Oceanography,NO,NO,NO,YES,NO,NO,NO,NO,NO,NO,NO,NO,NO,YES,NO
51038,HOW-12,OCC-HOW-003,,16-Mar-23,0.809366,-176.610576,Oceanography,NO,NO,NO,NO,NO,NO,NO,NO,NO,NO,YES,NO,YES,NO,NO
51041,HOW-11,,OCC-HOW-005,16-Mar-23,0.798846,-176.620292,Oceanography,NO,NO,NO,YES,NO,NO,NO,YES,YES,NO,NO,NO,NO,YES,NO
51125,SWA-975,,,30-Mar-23,-11.061945,-171.067737,Benthic,NO,YES,YES,YES,YES,NO,NO,NO,NO,NO,NO,NO,NO,NO,NO
51126,SWA-949,,,30-Mar-23,-11.067315,-171.076643,Benthic,NO,YES,YES,YES,YES,NO,NO,NO,NO,NO,NO,NO,NO,NO,NO
51127,SWA-936,,,30-Mar-23,-11.063763,-171.086817,Benthic,NO,YES,YES,YES,YES,NO,NO,NO,NO,NO,NO,NO,NO,NO,NO
51204,ROS-5247,,,4-Apr-23,-14.549909,-168.13797,Benthic,NO,YES,YES,YES,YES,NO,NO,NO,NO,NO,NO,NO,NO,NO,NO
51205,ROS-5229,,,4-Apr-23,-14.55352,-168.142964,Benthic,NO,YES,YES,YES,YES,NO,NO,NO,NO,NO,NO,NO,NO,NO,NO
51206,ROS-5222,,,4-Apr-23,-14.539787,-168.145459,Benthic,NO,YES,YES,YES,YES,NO,NO,NO,NO,NO,NO,NO,NO,NO,NO
51207,ROS-5194,,,4-Apr-23,-14.534,-168.148403,Benthic,NO,YES,YES,YES,YES,NO,NO,NO,NO,NO,NO,NO,NO,NO,NO
51244,OFU-1359,,,6-Apr-23,-14.189727,-169.671141,Benthic,NO,YES,YES,YES,YES,NO,NO,NO,NO,NO,NO,NO,NO,NO,NO
51245,OFU-1340,,,6-Apr-23,-14.18225,-169.678984,Benthic,NO,YES,YES,YES,YES,NO,NO,NO,NO,NO,NO,NO,NO,NO,NO
51246,OFU-1342,,,6-Apr-23,-14.173434,-169.684613,Benthic,NO,YES,YES,YES,YES,NO,NO,NO,NO,NO,NO,NO,NO,NO,NO
51247,OFU-1336,,,6-Apr-23,-14.162253,-169.683144,Benthic,NO,YES,YES,YES,NO,NO,NO,NO,NO,NO,NO,NO,NO,NO,NO
51380,OFU-1362,,,15-Apr-23,-14.184677,-169.657616,Benthic,NO,YES,YES,YES,NO,NO,NO,NO,NO,NO,NO,NO,NO,NO,NO
51381,OFU-1338,,,15-Apr-23,-14.174528,-169.645439,Benthic,NO,YES,YES,YES,NO,NO,NO,NO,NO,NO,NO,NO,NO,NO,NO
51382,OFU-1291,,,15-Apr-23,-14.179381,-169.651578,Benthic,NO,YES,YES,YES,NO,NO,NO,NO,NO,NO,NO,NO,NO,NO,NO
51404,TUT-5893,,,16-Apr-23,-14.284088,-170.736017,Benthic,NO,YES,YES,YES,NO,NO,NO,NO,NO,NO,NO,NO,NO,NO,NO
51405,TUT-5816,,,16-Apr-23,-14.236681,-170.672114,Benthic,NO,YES,YES,YES,NO,NO,NO,NO,NO,NO,NO,NO,NO,NO,NO
51406,TUT-5831,,,16-Apr-23,-14.243888,-170.681417,Benthic,NO,YES,YES,YES,NO,NO,NO,NO,NO,NO,NO,NO,NO,NO,NO
51407,TUT-5727,,,16-Apr-23,-14.252155,-170.688808,Benthic,NO,YES,YES,YES,NO,NO,NO,NO,NO,NO,NO,NO,NO,NO,NO
51026,HOW-642,OCC-HOW-007,,15-Mar-23,0.807001,-176.622085,Oceanography,NO,NO,NO,NO,NO,NO,NO,NO,NO,NO,YES,NO,YES,NO,NO
51022,HOW-642,,OCC-HOW-006,15-Mar-23,0.806529,-176.621573,Oceanography,NO,NO,NO,YES,NO,NO,NO,NO,NO,NO,NO,NO,NO,YES,YES
51023,HOW-642,,OCC-HOW-007,15-Mar-23,0.806548,-176.621505,Oceanography,NO,NO,NO,NO,NO,NO,NO,NO,NO,NO,NO,NO,NO,YES,YES
51034,HOW-1096,,,16-Mar-23,0.798089,-176.610705,Fish,YES,NO,NO,YES,YES,NO,NO,NO,NO,NO,NO,NO,NO,NO,NO
51036,HOW-12,,OCC-HOW-003,16-Mar-23,0.809293,-176.610664,Oceanography,NO,NO,NO,NO,NO,NO,NO,NO,NO,NO,NO,NO,NO,YES,YES
51040,HOW-13,OCC-HOW-001,,16-Mar-23,0.819878,-176.616167,Oceanography,NO,NO,NO,NO,NO,NO,NO,NO,NO,NO,YES,NO,YES,NO,NO
51043,HOW-11,OCC-HOW-005,,16-Mar-23,0.799254,-176.620461,Oceanography,NO,NO,NO,NO,NO,NO,NO,NO,NO,NO,YES,NO,YES,NO,NO
51067,BAK-1998,OCC-BAK-001,,17-Mar-23,0.206617,-176.475744,Oceanography,NO,NO,NO,NO,NO,NO,NO,NO,NO,NO,YES,NO,YES,NO,NO
51071,BAK-1999,OCC-BAK-010,,17-Mar-23,0.19197,-176.48857,Oceanography,NO,NO,NO,NO,NO,NO,NO,NO,NO,NO,YES,NO,YES,NO,NO
51093,BAK-02,OCC-BAK-008,,18-Mar-23,0.188279,-176.480348,Oceanography,NO,NO,NO,NO,NO,NO,NO,NO,NO,NO,YES,NO,YES,NO,NO
51088,BAK-634,,OCC-BAK-006,18-Mar-23,0.194114,-176.467245,Oceanography,NO,NO,NO,YES,NO,NO,NO,NO,NO,NO,NO,NO,NO,YES,YES
51091,BAK-2000,OCC-BAK-004,,18-Mar-23,0.191539,-176.456551,Oceanography,NO,NO,NO,NO,NO,NO,NO,NO,NO,NO,YES,NO,YES,NO,NO
51094,BAK-02,,OCC-BAK-008,18-Mar-23,0.188409,-176.479919,Oceanography,NO,NO,NO,NO,YES,NO,NO,NO,NO,NO,NO,NO,NO,NO,NO
51069,BAK-11,OCC-BAK-011,,17-Mar-23,0.198625,-176.484922,Oceanography,NO,NO,NO,NO,NO,NO,NO,NO,NO,NO,YES,NO,YES,NO,NO
51070,BAK-1999,,OCC-BAK-010,17-Mar-23,0.191776,-176.488723,Oceanography,NO,NO,NO,YES,NO,NO,NO,NO,NO,NO,NO,NO,NO,YES,YES
51090,BAK-2001,OCC-BAK-005,,18-Mar-23,0.19145,-176.460326,Oceanography,NO,NO,NO,NO,NO,NO,NO,NO,NO,NO,YES,NO,YES,NO,NO
51109,BAK-14,OCC-BAK-003,,19-Mar-23,0.205051,-176.474862,Oceanography,NO,NO,NO,NO,NO,NO,NO,NO,NO,NO,YES,NO,YES,NO,NO
51140,SWA-995,,,31-Mar-23,-11.057687,-171.091441,Benthic,NO,YES,YES,YES,YES,NO,NO,NO,NO,NO,NO,NO,NO,NO,NO
51141,SWA-968,,,31-Mar-23,-11.06247,-171.088049,Benthic,NO,YES,YES,YES,YES,NO,NO,NO,NO,NO,NO,NO,NO,NO,NO
51142,SWA-944,,,31-Mar-23,-11.049065,-171.089872,Benthic,NO,YES,YES,YES,YES,NO,NO,NO,NO,NO,NO,NO,NO,NO,NO
51143,SWA-938,,,31-Mar-23,-11.047027,-171.084079,Benthic,NO,YES,YES,YES,YES,NO,NO,NO,NO,NO,NO,NO,NO,NO,NO
51144,SWA-978,,,31-Mar-23,-11.063137,-171.070439,Benthic,NO,YES,YES,YES,YES,NO,NO,NO,NO,NO,NO,NO,NO,NO,NO
51145,SWA-982,,,31-Mar-23,-11.054961,-171.063728,Benthic,NO,YES,YES,YES,YES,NO,NO,NO,NO,NO,NO,NO,NO,NO,NO
51146,SWA-952,,,31-Mar-23,-11.049238,-171.067249,Benthic,NO,YES,YES,YES,YES,NO,NO,NO,NO,NO,NO,NO,NO,NO,NO
51147,SWA-948,,,31-Mar-23,-11.045576,-171.072452,Benthic,NO,YES,YES,YES,NO,NO,NO,NO,NO,NO,NO,NO,NO,NO,NO
51228,ROS-5253,,,5-Apr-23,-14.528095,-168.151129,Benthic,NO,YES,YES,YES,YES,NO,NO,NO,NO,NO,NO,NO,NO,NO,NO
51229,ROS-5230,,,5-Apr-23,-14.535698,-168.14727,Benthic,NO,YES,YES,YES,YES,NO,NO,NO,NO,NO,NO,NO,NO,NO,NO
51230,ROS-5225,,,5-Apr-23,-14.547523,-168.13826,Benthic,NO,YES,YES,YES,YES,NO,NO,NO,NO,NO,NO,NO,NO,NO,NO
51231,ROS-5201,,,5-Apr-23,-14.543,-168.143023,Benthic,NO,YES,YES,YES,YES,NO,NO,NO,NO,NO,NO,NO,NO,NO,NO
51066,BAK-1998,,OCC-BAK-001,17-Mar-23,0.206377,-176.475906,Oceanography,NO,NO,NO,YES,NO,NO,NO,NO,NO,NO,NO,NO,NO,YES,YES
51086,BAK-2000,,OCC-BAK-004,18-Mar-23,0.191567,-176.456532,Oceanography,NO,NO,NO,YES,NO,NO,NO,NO,NO,NO,NO,NO,NO,YES,YES
51060,BAK-2088,,,17-Mar-23,0.195524,-176.486895,Fish,YES,NO,NO,YES,YES,NO,NO,NO,NO,NO,YES,NO,YES,NO,NO
51061,BAK-2041,,,17-Mar-23,0.203478,-176.479809,Fish,YES,NO,NO,YES,YES,NO,NO,NO,NO,NO,YES,NO,YES,NO,NO
51062,BAK-2052,,,17-Mar-23,0.201954,-176.467078,Fish,YES,NO,NO,YES,YES,NO,NO,NO,NO,NO,NO,NO,NO,NO,NO
51063,BAK-2075,,,17-Mar-23,0.191204,-176.458994,Fish,YES,NO,NO,YES,YES,NO,NO,NO,NO,NO,NO,NO,NO,NO,NO
51064,BAK-2037,,,17-Mar-23,0.188108,-176.470053,Fish,YES,NO,NO,YES,YES,NO,NO,NO,NO,NO,YES,NO,YES,NO,NO
51065,BAK-2047,,,17-Mar-23,0.189824,-176.487846,Fish,YES,NO,NO,YES,NO,NO,NO,NO,NO,NO,NO,NO,NO,NO,NO
51089,BAK-634,OCC-BAK-006,,18-Mar-23,0.194127,-176.467351,Oceanography,NO,NO,NO,NO,NO,NO,NO,NO,NO,NO,YES,NO,YES,NO,NO
51100,BAK-2057,,,19-Mar-23,0.191136,-176.462962,Fish,YES,NO,NO,YES,YES,NO,NO,NO,NO,NO,NO,NO,NO,NO,NO
51101,BAK-2042,,,19-Mar-23,0.1894,-176.4866,Fish,YES,NO,NO,YES,YES,NO,NO,NO,NO,NO,NO,NO,NO,NO,NO
51102,BAK-2077,,,19-Mar-23,0.206836,-176.477276,Fish,YES,NO,NO,YES,YES,NO,NO,NO,NO,NO,NO,NO,NO,NO,NO
51103,BAK-2040,,,19-Mar-23,0.203755,-176.476179,Fish,YES,NO,NO,YES,YES,NO,NO,NO,NO,NO,NO,NO,NO,NO,NO
51104,BAK-2067,,,19-Mar-23,0.199411,-176.461343,Fish,YES,NO,NO,YES,YES,NO,NO,NO,NO,NO,NO,NO,NO,NO,NO
51037,HOW-12,OCC-HOW-002,,16-Mar-23,0.809381,-176.610501,Oceanography,NO,NO,NO,NO,NO,NO,NO,NO,NO,NO,YES,NO,YES,NO,NO
51184,TAU-1327,,,3-Apr-23,-14.248955,-169.418086,Benthic,NO,YES,YES,YES,YES,NO,NO,NO,NO,NO,NO,NO,NO,NO,NO
51480,TUT-5917,,,20-Apr-23,-14.281004,-170.541732,Benthic,NO,YES,YES,YES,YES,NO,NO,NO,NO,NO,NO,NO,NO,NO,NO
51481,TUT-5810,,,20-Apr-23,-14.27945,-170.5477,Benthic,NO,YES,YES,YES,YES,NO,NO,NO,NO,NO,NO,NO,NO,NO,NO
51482,TUT-5811,,,20-Apr-23,-14.277155,-170.54864,Benthic,NO,YES,YES,YES,YES,NO,NO,NO,NO,NO,NO,NO,NO,NO,NO
51483,TUT-5968,,,20-Apr-23,-14.282696,-170.545021,Benthic,NO,YES,YES,YES,YES,NO,NO,NO,NO,NO,NO,NO,NO,NO,NO
51302,TUT-5771,,,10-Apr-23,-14.287967,-170.752932,Benthic,NO,YES,YES,YES,NO,NO,NO,NO,NO,NO,NO,NO,NO,NO,NO
51303,TUT-5687,,,10-Apr-23,-14.289917,-170.741763,Benthic,NO,YES,YES,YES,NO,NO,NO,NO,NO,NO,NO,NO,NO,NO,NO
51304,TUT-5997,,,10-Apr-23,-14.300914,-170.823822,Benthic,NO,YES,YES,YES,YES,NO,NO,NO,NO,NO,NO,NO,NO,NO,NO
51305,TUT-5767,,,10-Apr-23,-14.299424,-170.81431,Benthic,NO,YES,YES,YES,YES,NO,NO,NO,NO,NO,NO,NO,NO,NO,NO
51306,TUT-5770,,,10-Apr-23,-14.29198,-170.802564,Benthic,NO,YES,YES,YES,NO,NO,NO,NO,NO,NO,NO,NO,NO,NO,NO
51307,TUT-5690,,,10-Apr-23,-14.291769,-170.780676,Benthic,NO,YES,YES,YES,YES,NO,NO,NO,NO,NO,NO,NO,NO,NO,NO
51324,TUT-5926,,,11-Apr-23,-14.255223,-170.605367,Benthic,NO,YES,YES,YES,YES,NO,NO,NO,NO,NO,NO,NO,NO,NO,NO
51325,TUT-5820,,,11-Apr-23,-14.25195,-170.614679,Benthic,NO,YES,YES,YES,NO,NO,NO,NO,NO,NO,NO,NO,NO,NO,NO
51326,TUT-5822,,,11-Apr-23,-14.25291,-170.645889,Benthic,NO,YES,YES,YES,YES,NO,NO,NO,NO,NO,NO,NO,NO,NO,NO
51327,TUT-5719,,,11-Apr-23,-14.246694,-170.668482,Benthic,NO,YES,YES,YES,YES,NO,NO,NO,NO,NO,NO,NO,NO,NO,NO
51340,TUT-5984,,,12-Apr-23,-14.34741,-170.720946,Benthic,NO,YES,YES,YES,NO,NO,NO,NO,NO,NO,NO,NO,NO,NO,NO
51341,TUT-5839,,,12-Apr-23,-14.337132,-170.706878,Benthic,NO,YES,YES,YES,NO,NO,NO,NO,NO,NO,NO,NO,NO,NO,NO
51342,TUT-5861,,,12-Apr-23,-14.308106,-170.691336,Benthic,NO,YES,YES,YES,NO,NO,NO,NO,NO,NO,NO,NO,NO,NO,NO
51343,TUT-5865,,,12-Apr-23,-14.300534,-170.674962,Benthic,NO,YES,YES,YES,NO,NO,NO,NO,NO,NO,NO,NO,NO,NO,NO
51344,TUT-5937,,,12-Apr-23,-14.360202,-170.7354,Benthic,NO,YES,YES,YES,NO,NO,NO,NO,NO,NO,NO,NO,NO,NO,NO
51345,TUT-5862,,,12-Apr-23,-14.342123,-170.719567,Benthic,NO,YES,YES,YES,NO,NO,NO,NO,NO,NO,NO,NO,NO,NO,NO
51346,TUT-5864,,,12-Apr-23,-14.337464,-170.712544,Benthic,NO,YES,YES,YES,NO,NO,NO,NO,NO,NO,NO,NO,NO,NO,NO
51347,TUT-5860,,,12-Apr-23,-14.32705,-170.694368,Benthic,NO,YES,YES,YES,NO,NO,NO,NO,NO,NO,NO,NO,NO,NO,NO
51360,OFU-1345,,,14-Apr-23,-14.160221,-169.636723,Benthic,NO,YES,YES,YES,NO,NO,NO,NO,NO,NO,NO,NO,NO,NO,NO
51361,OFU-1337,,,14-Apr-23,-14.165498,-169.647328,Benthic,NO,YES,YES,YES,NO,NO,NO,NO,NO,NO,NO,NO,NO,NO,NO
51362,OFU-1320,,,14-Apr-23,-14.163546,-169.660673,Benthic,NO,YES,YES,YES,NO,NO,NO,NO,NO,NO,NO,NO,NO,NO,NO
51363,OFU-1304,,,14-Apr-23,-14.159005,-169.673429,Benthic,NO,YES,YES,YES,NO,NO,NO,NO,NO,NO,NO,NO,NO,NO,NO
51540,BAK-2050,,,2-May-23,0.187425,-176.473385,Fish,YES,NO,NO,YES,YES,NO,NO,NO,NO,NO,YES,NO,YES,NO,NO
51541,BAK-2074,,,2-May-23,0.18632,-176.4621,Fish,YES,NO,NO,YES,NO,NO,NO,NO,NO,NO,YES,NO,YES,NO,NO
51542,BAK-2058,,,2-May-23,0.191865,-176.457678,Fish,YES,NO,NO,YES,NO,NO,NO,NO,NO,NO,NO,NO,NO,NO,NO
51543,BAK-2027,,,2-May-23,0.191433,-176.466068,Fish,YES,NO,NO,YES,YES,NO,NO,NO,NO,NO,YES,NO,YES,NO,NO
51544,BAK-2031,,,2-May-23,0.204325,-176.480705,Fish,NO,NO,NO,YES,YES,NO,NO,NO,NO,NO,NO,NO,NO,NO,NO
51545,BAK-2087,,,2-May-23,0.188791,-176.486071,Fish,YES,NO,NO,NO,NO,NO,NO,NO,NO,NO,NO,NO,NO,NO,NO
51546,BAK-2085,,,2-May-23,0.193125,-176.487972,Fish,YES,NO,NO,YES,YES,NO,NO,NO,NO,NO,NO,NO,NO,NO,NO
51824,TUT-5339,,,9-Jul-23,-14.287711,-170.784385,Fish,YES,NO,NO,YES,NO,NO,NO,NO,NO,NO,NO,NO,NO,NO,NO
51547,BAK-2051,,,2-May-23,0.204539,-176.473943,Fish,YES,NO,NO,YES,NO,NO,NO,NO,NO,NO,NO,NO,NO,NO,NO
51564,BAK-2035,,,3-May-23,0.198674,-176.465064,Fish,YES,NO,NO,YES,YES,NO,NO,NO,NO,NO,NO,NO,NO,NO,NO
51565,BAK-2049,,,3-May-23,0.189943,-176.461585,Fish,YES,NO,NO,YES,YES,NO,NO,NO,NO,NO,YES,NO,YES,NO,NO
51566,BAK-2033,,,3-May-23,0.196144,-176.486355,Fish,YES,NO,NO,YES,YES,NO,NO,NO,NO,NO,NO,NO,NO,NO,NO
51606,HOW-1107,,,6-May-23,0.81935,-176.615421,Fish,YES,NO,NO,YES,NO,NO,NO,NO,NO,NO,YES,NO,YES,NO,NO
51607,HOW-1097,,,6-May-23,0.82219,-176.61849,Fish,YES,NO,NO,YES,NO,NO,NO,NO,NO,NO,YES,NO,YES,NO,NO
51608,HOW-1075,,,6-May-23,0.812874,-176.623299,Fish,YES,NO,NO,YES,NO,NO,NO,NO,NO,NO,YES,NO,YES,NO,NO
51609,HOW-1084,,,6-May-23,0.807012,-176.609999,Fish,YES,NO,NO,YES,NO,NO,NO,NO,NO,NO,NO,NO,NO,NO,NO
51610,HOW-1065,,,6-May-23,0.805936,-176.609909,Fish,YES,NO,NO,YES,YES,NO,NO,NO,NO,NO,NO,NO,NO,NO,NO
51611,HOW-1058,,,6-May-23,0.815363,-176.613364,Fish,YES,NO,NO,YES,YES,NO,NO,NO,NO,NO,NO,NO,NO,NO,NO
51720,TUT-5543,,,4-Jul-23,-14.281427,-170.812527,Fish,YES,NO,NO,YES,NO,NO,NO,NO,NO,NO,YES,NO,YES,NO,NO
51721,TUT-5411,,,4-Jul-23,-14.297334,-170.81177,Fish,YES,NO,NO,YES,NO,NO,NO,NO,NO,NO,YES,NO,YES,NO,NO
51722,TUT-5341,,,4-Jul-23,-14.300035,-170.819814,Fish,YES,NO,NO,YES,NO,NO,NO,NO,NO,NO,YES,NO,YES,NO,NO
51723,TUT-74,,OCC-TUT-022,4-Jul-23,-14.29461,-170.81197,Oceanography,NO,NO,NO,YES,NO,YES,YES,YES,YES,NO,NO,NO,NO,YES,YES
51724,TUT-74,,OCC-TUT-022,4-Jul-23,-14.294622,-170.812001,Oceanography,NO,NO,NO,NO,YES,NO,NO,NO,NO,NO,NO,NO,NO,NO,NO
51725,TUT-74,OCC-TUT-022,,4-Jul-23,-14.294401,-170.811838,Oceanography,NO,NO,NO,NO,NO,NO,NO,NO,NO,NO,YES,NO,YES,NO,NO
51740,TUT-5552,,,5-Jul-23,-14.280042,-170.731519,Fish,YES,NO,NO,YES,NO,NO,NO,NO,NO,NO,YES,NO,YES,NO,NO
51741,TUT-5399,,,5-Jul-23,-14.275639,-170.723835,Fish,YES,NO,NO,YES,NO,NO,NO,NO,NO,NO,YES,NO,YES,NO,NO
51742,TUT-5560,,,5-Jul-23,-14.282816,-170.735001,Fish,YES,NO,NO,YES,NO,NO,NO,NO,NO,NO,YES,NO,YES,NO,NO
51840,TUT-5574,,,21-Jul-23,-14.289605,-170.543832,Fish,YES,NO,NO,NO,NO,NO,NO,NO,NO,NO,NO,NO,NO,NO,NO
51841,TUT-5589,,,21-Jul-23,-14.280716,-170.541368,Fish,YES,NO,NO,YES,YES,NO,NO,NO,NO,NO,NO,NO,NO,NO,NO
51842,TUT-5438,,,21-Jul-23,-14.276144,-170.547576,Fish,YES,NO,NO,YES,NO,NO,NO,NO,NO,NO,NO,NO,NO,NO,NO
51843,TUT-5315,,,21-Jul-23,-14.278022,-170.549998,Fish,YES,NO,NO,YES,YES,NO,NO,NO,NO,NO,NO,NO,NO,NO,NO
51844,TUT-5486,,,21-Jul-23,-14.276514,-170.611774,Fish,YES,NO,NO,YES,NO,NO,NO,NO,NO,NO,NO,NO,NO,NO,NO
51860,OFU-54,,OCC-OFU-010,22-Jul-23,-14.18025,-169.652244,Oceanography,NO,NO,NO,YES,NO,NO,NO,NO,NO,NO,NO,NO,NO,YES,NO
51871,OFU-54,,OCC-OFU-009,22-Jul-23,-14.180607,-169.652024,Oceanography,NO,NO,NO,NO,YES,NO,NO,NO,NO,NO,NO,NO,NO,NO,NO
51886,ROS-787,,OCC-ROS-003,23-Jul-23,-14.539002,-168.14607,Oceanography,NO,NO,NO,YES,NO,NO,NO,NO,NO,NO,NO,NO,NO,YES,YES
51888,ROS-380,OCC-ROS-001,,23-Jul-23,-14.538399,-168.145691,Oceanography,NO,NO,NO,NO,NO,NO,NO,NO,NO,NO,YES,NO,YES,NO,NO
51890,ROS-01,,OCC-ROS-002,23-Jul-23,-14.538873,-168.145778,Oceanography,NO,NO,NO,NO,YES,NO,NO,NO,NO,NO,NO,NO,NO,NO,NO
51909,ROS-07,OCC-ROS-010,,24-Jul-23,-14.548755,-168.168934,Oceanography,NO,NO,NO,NO,NO,NO,NO,NO,NO,NO,YES,NO,YES,NO,NO
51910,ROS-5003,OCC-ROS-012,,24-Jul-23,-14.547147,-168.163181,Oceanography,NO,NO,NO,NO,NO,NO,NO,NO,NO,NO,YES,NO,YES,NO,NO
51911,ROS-5062,,,24-Jul-23,-14.540212,-168.157569,Fish,YES,NO,NO,NO,NO,NO,NO,NO,NO,NO,NO,NO,NO,NO,NO
51913,ROS-5003,,OCC-ROS-012,24-Jul-23,-14.54836171,-168.1644977,Oceanography,NO,NO,NO,NO,NO,NO,NO,NO,NO,NO,NO,NO,NO,YES,YES
51914,ROS-949,,,24-Jul-23,-14.776333,-168.133333,Oceanography,NO,NO,NO,NO,NO,NO,NO,NO,NO,NO,YES,NO,YES,NO,NO
51920,ROS-01,OCC-ROS-002,,25-Jul-23,-14.538746,-168.145805,Oceanography,NO,NO,NO,NO,NO,NO,NO,NO,NO,NO,YES,NO,YES,NO,NO
51921,ROS-01,,OCC-ROS-002,25-Jul-23,-14.538868,-168.145805,Oceanography,NO,NO,NO,NO,YES,NO,NO,NO,NO,NO,NO,NO,NO,NO,NO
51962,TUT-9997,,,27-Jul-23,-14.363861,-170.762364,Oceanography,NO,NO,NO,NO,NO,NO,NO,NO,NO,NO,YES,NO,YES,NO,NO
51980,OFU-1166,,,29-Jul-23,-14.157397,-169.673117,Fish,YES,NO,NO,YES,YES,NO,NO,NO,NO,NO,YES,NO,YES,NO,NO
51981,OFU-1273,,,29-Jul-23,-14.163217,-169.657427,Fish,YES,NO,NO,YES,NO,NO,NO,NO,NO,NO,YES,NO,YES,NO,NO
51982,OFU-1214,,,29-Jul-23,-14.162169,-169.636292,Fish,YES,NO,NO,YES,YES,NO,NO,NO,NO,NO,YES,NO,YES,NO,NO
51983,OFU-1242,,,29-Jul-23,-14.165892,-169.627467,Fish,YES,NO,NO,YES,NO,NO,NO,NO,NO,NO,NO,NO,NO,NO,NO
51984,OFU-1172,,,29-Jul-23,-14.165692,-169.647257,Fish,YES,NO,NO,YES,NO,NO,NO,NO,NO,NO,NO,NO,NO,NO,NO
51985,OFU-1055,,OCC-OFU-001,29-Jul-23,-14.156948,-169.67422,Oceanography,NO,NO,NO,NO,NO,NO,NO,NO,NO,NO,NO,NO,NO,YES,NO
51987,OFU-09,,OCC-OFU-002,29-Jul-23,-14.157622,-169.674219,Oceanography,NO,NO,NO,YES,YES,YES,YES,YES,YES,NO,NO,NO,NO,YES,YES
52005,ROS-01,OCC-ROS-002,,30-Jul-23,-14.539187,-168.14559,Oceanography,NO,NO,NO,NO,NO,NO,NO,NO,NO,NO,YES,NO,YES,NO,NO
52027,ROS-07,,OCC-ROS-010,31-Jul-23,-14.548706,-168.168774,Oceanography,NO,NO,NO,NO,YES,NO,NO,NO,NO,NO,NO,NO,NO,NO,NO
52054,TAU-11,,OCC-TAU-013,1-Aug-23,-14.217267,-169.512945,Oceanography,NO,NO,NO,NO,NO,NO,NO,NO,YES,NO,NO,NO,NO,NO,NO
52066,OFU-54,,OCC-OFU-008,2-Aug-23,-14.180857,-169.652042,Oceanography,NO,NO,NO,YES,NO,NO,NO,NO,NO,NO,NO,NO,NO,YES,YES
51900,ROS-5136,,,24-Jul-23,-14.545666,-168.170744,Fish,YES,NO,NO,YES,YES,NO,NO,NO,NO,NO,NO,NO,NO,NO,NO
51901,ROS-5141,,,24-Jul-23,-14.535322,-168.162039,Fish,YES,NO,NO,YES,YES,NO,NO,NO,NO,NO,YES,NO,YES,NO,NO
51902,ROS-5131,,,24-Jul-23,-14.540057,-168.150388,Fish,YES,NO,NO,YES,YES,NO,NO,NO,NO,NO,YES,NO,YES,NO,NO
51903,ROS-5133,,,24-Jul-23,-14.54828,-168.162491,Fish,YES,NO,NO,YES,YES,NO,NO,NO,NO,NO,NO,NO,NO,NO,NO
51364,OFU-1361,,,14-Apr-23,-14.159225,-169.62007,Benthic,NO,YES,YES,YES,NO,NO,NO,NO,NO,NO,NO,NO,NO,NO,NO
51365,OFU-1323,,,14-Apr-23,-14.163473,-169.639249,Benthic,NO,YES,YES,YES,NO,NO,NO,NO,NO,NO,NO,NO,NO,NO,NO
51366,OFU-1309,,,14-Apr-23,-14.165557,-169.631256,Benthic,NO,YES,YES,YES,NO,NO,NO,NO,NO,NO,NO,NO,NO,NO,NO
51367,OFU-1303,,,14-Apr-23,-14.164267,-169.624418,Benthic,NO,YES,YES,YES,NO,NO,NO,NO,NO,NO,NO,NO,NO,NO,NO
51368,OFU-1289,,,14-Apr-23,-14.156527,-169.617584,Benthic,NO,YES,YES,YES,NO,NO,NO,NO,NO,NO,NO,NO,NO,NO,NO
51743,TUT-5405,,,5-Jul-23,-14.288218,-170.764805,Fish,YES,NO,NO,YES,NO,NO,NO,NO,NO,NO,YES,NO,YES,NO,NO
51744,TUT-5333,,,5-Jul-23,-14.292309,-170.780511,Fish,YES,NO,NO,YES,NO,NO,NO,NO,NO,NO,YES,NO,YES,NO,NO
51762,TUT-5377,,,6-Jul-23,-14.277857,-170.6074,Fish,YES,NO,NO,YES,NO,NO,NO,NO,NO,NO,YES,NO,YES,NO,NO
51763,TUT-5384,,,6-Jul-23,-14.285049,-170.674081,Fish,YES,NO,NO,YES,NO,NO,NO,NO,NO,NO,YES,NO,YES,NO,NO
51789,TUT-1003,,OCC-TUT-014,7-Jul-23,-14.31097,-170.64229,Oceanography,NO,NO,NO,YES,NO,NO,NO,NO,NO,NO,NO,NO,NO,NO,YES
51600,HOW-1064,,,6-May-23,0.801146,-176.609916,Fish,YES,NO,NO,YES,YES,NO,NO,NO,NO,NO,NO,NO,NO,NO,NO
51601,HOW-1102,,,6-May-23,0.799642,-176.609925,Fish,YES,NO,NO,YES,YES,NO,NO,NO,NO,NO,YES,NO,YES,NO,NO
51602,HOW-1082,,,6-May-23,0.795948,-176.610898,Fish,YES,NO,NO,YES,YES,NO,NO,NO,NO,NO,NO,NO,NO,NO,NO
51603,HOW-1055,,,6-May-23,0.793693,-176.611881,Fish,YES,NO,NO,YES,YES,NO,NO,NO,NO,NO,NO,NO,NO,NO,NO
51604,HOW-1091,,,6-May-23,0.790832,-176.613908,Fish,YES,NO,NO,YES,NO,NO,NO,NO,NO,NO,YES,NO,YES,NO,NO
51605,HOW-1072,,,6-May-23,0.795978,-176.619203,Fish,NO,NO,NO,YES,YES,NO,NO,NO,NO,NO,NO,NO,NO,NO,NO
51702,TUT-5655,,,3-Jul-23,-14.331635,-170.827797,Fish,YES,NO,NO,YES,NO,NO,NO,NO,NO,NO,YES,NO,YES,NO,NO
51701,TUT-948,,,2-Jul-23,-14.830542,-170.587817,Oceanography,NO,NO,NO,NO,NO,NO,NO,NO,NO,NO,YES,NO,YES,NO,NO
51703,TUT-5530,,,3-Jul-23,-14.341507,-170.790259,Fish,YES,NO,NO,YES,NO,NO,NO,NO,NO,NO,YES,NO,YES,NO,NO
51704,TUT-5523,,,3-Jul-23,-14.331854,-170.8099,Fish,YES,NO,NO,YES,NO,NO,NO,NO,NO,NO,NO,NO,NO,NO,NO
51705,TUT-5391,,,3-Jul-23,-14.337263,-170.794112,Fish,YES,NO,NO,YES,NO,NO,NO,NO,NO,NO,YES,NO,YES,NO,NO
51706,TUT-5390,,,3-Jul-23,-14.355704,-170.786815,Fish,YES,NO,NO,YES,NO,NO,NO,NO,NO,NO,NO,NO,NO,NO,NO
51760,TUT-5610,,,6-Jul-23,-14.252547,-170.597274,Fish,YES,NO,NO,YES,NO,NO,NO,NO,NO,NO,YES,NO,YES,NO,NO
51761,TUT-5353,,,6-Jul-23,-14.284796,-170.563858,Fish,YES,NO,NO,YES,NO,NO,NO,NO,NO,NO,YES,NO,YES,NO,NO
51665,TUT-16,,OCC-TUT-007,30-Jun-23,-14.285299,-170.564028,Oceanography,NO,NO,NO,YES,NO,YES,YES,YES,YES,NO,NO,NO,NO,YES,YES
51500,TUT-5451,,,26-Apr-23,-14.270641,-170.56367,Fish,YES,NO,NO,YES,NO,NO,NO,NO,NO,NO,NO,NO,NO,NO,NO
51501,TUT-5430,,,26-Apr-23,-14.290734,-170.55453,Fish,YES,NO,NO,YES,NO,NO,NO,NO,NO,NO,NO,NO,NO,NO,NO
51502,TUT-5368,,,26-Apr-23,-14.278021,-170.625793,Fish,YES,NO,NO,YES,NO,NO,NO,NO,NO,NO,NO,NO,NO,NO,NO
51503,TUT-5439,,,26-Apr-23,-14.282777,-170.545066,Fish,YES,NO,NO,YES,NO,NO,NO,NO,NO,NO,NO,NO,NO,NO,NO
51504,TUT-5458,,,26-Apr-23,-14.261313,-170.558012,Fish,YES,NO,NO,YES,NO,NO,NO,NO,NO,NO,NO,NO,NO,NO,NO
51505,TUT-5585,,,26-Apr-23,-14.275142,-170.54814,Fish,YES,NO,NO,NO,NO,NO,NO,NO,NO,NO,NO,NO,NO,NO,NO
51506,TUT-5317,,,26-Apr-23,-14.278943,-170.548821,Fish,YES,NO,NO,YES,NO,NO,NO,NO,NO,NO,NO,NO,NO,NO,NO
51507,TUT-5428,,,26-Apr-23,-14.29009,-170.548995,Fish,YES,NO,NO,YES,NO,NO,NO,NO,NO,NO,NO,NO,NO,NO,NO
51508,TUT-5516,,,26-Apr-23,-14.300941,-170.577727,Fish,YES,NO,NO,YES,NO,NO,NO,NO,NO,NO,NO,NO,NO,NO,NO
51560,BAK-2056,,,3-May-23,0.204751,-176.472832,Fish,YES,NO,NO,YES,NO,NO,NO,NO,NO,NO,YES,NO,YES,NO,NO
51561,BAK-2080,,,3-May-23,0.188607,-176.482999,Fish,YES,NO,NO,YES,NO,NO,NO,NO,NO,NO,YES,NO,YES,NO,NO
51562,BAK-2070,,,3-May-23,0.204664,-176.471103,Fish,YES,NO,NO,YES,YES,NO,NO,NO,NO,NO,YES,NO,YES,NO,NO
51563,BAK-2059,,,3-May-23,0.196525,-176.459442,Fish,YES,NO,NO,YES,YES,NO,NO,NO,NO,NO,YES,NO,YES,NO,NO
51520,TUT-5644,,,27-Apr-23,-14.281223,-170.591565,Fish,YES,NO,NO,NO,YES,NO,NO,NO,NO,NO,NO,NO,NO,NO,NO
51904,ROS-5071,,,24-Jul-23,-14.543833,-168.165333,Fish,YES,NO,NO,NO,NO,NO,NO,NO,NO,NO,NO,NO,NO,NO,NO
51991,OLO-05,,OCC-OFU-005,29-Jul-23,-14.16335,-169.62453,Oceanography,NO,NO,NO,NO,NO,NO,NO,NO,YES,NO,NO,NO,NO,NO,NO
51906,ROS-752,,OCC-ROS-009,24-Jul-23,-14.548681,-168.168799,Oceanography,NO,NO,NO,YES,NO,NO,NO,NO,NO,NO,NO,NO,NO,YES,YES
52068,OFU-1058,,OCC-OFU-013,2-Aug-23,-14.175591,-169.683453,Oceanography,NO,NO,NO,YES,NO,NO,NO,NO,NO,NO,NO,NO,NO,YES,YES
52070,OFU-06,,OCC-OFU-014,2-Aug-23,-14.17419,-169.681927,Oceanography,NO,NO,NO,NO,NO,NO,NO,YES,YES,NO,NO,NO,NO,YES,YES
52071,OFU-06,,OCC-OFU-014,2-Aug-23,-14.174244,-169.681885,Oceanography,NO,NO,NO,NO,YES,NO,NO,NO,NO,NO,NO,NO,NO,NO,NO
52125,TAU-07,,OCC-TAU-004,6-Aug-23,-14.227181,-169.418136,Oceanography,NO,NO,NO,YES,NO,NO,NO,NO,NO,NO,NO,NO,NO,YES,YES
52147,OFU-947,,,2-Aug-23,-14.334625,-169.8357,Oceanography,NO,NO,NO,NO,NO,NO,NO,NO,NO,NO,YES,NO,YES,NO,NO
52051,TAU-04,,OCC-TAU-002,1-Aug-23,-14.211742,-169.440998,Oceanography,NO,NO,NO,NO,YES,NO,NO,NO,NO,NO,NO,NO,NO,NO,NO
52069,OFU-1058,OCC-OFU-013,,2-Aug-23,-14.175902,-169.683404,Oceanography,NO,NO,NO,NO,NO,NO,NO,NO,NO,NO,YES,NO,YES,NO,NO
52080,TUT-75,OCC-TUT-017,,3-Aug-23,-14.363487,-170.762923,Oceanography,NO,NO,NO,NO,NO,NO,NO,NO,NO,NO,YES,NO,YES,NO,NO
52081,TUT-75,,OCC-TUT-017,3-Aug-23,-14.363516,-170.763141,Oceanography,YES,NO,NO,NO,NO,NO,NO,NO,NO,YES,NO,NO,NO,NO,NO
52102,TUT-5009,,OCC-TUT-027,5-Aug-23,-14.281555,-170.724616,Oceanography,NO,NO,NO,YES,NO,NO,NO,NO,NO,NO,NO,NO,NO,YES,YES
52103,TUT-19,,OCC-TUT-025,5-Aug-23,-14.28311,-170.72832,Oceanography,NO,NO,NO,YES,NO,NO,NO,YES,YES,NO,NO,NO,NO,NO,NO
52104,TUT-5010,,OCC-TUT-028,5-Aug-23,-14.281452,-170.724301,Oceanography,NO,NO,NO,YES,NO,NO,NO,NO,NO,NO,NO,NO,NO,YES,NO
52105,TUT-19,,OCC-TUT-025,5-Aug-23,-14.283142,-170.728314,Oceanography,NO,NO,NO,NO,YES,NO,NO,NO,NO,NO,NO,NO,NO,NO,NO
52107,TUT-08,OCC-TUT-023,,5-Aug-23,-14.291488,-170.780461,Oceanography,NO,NO,NO,NO,NO,NO,NO,NO,NO,NO,YES,NO,YES,NO,NO
52108,TUT-08,,OCC-TUT-023,5-Aug-23,-14.291488,-170.780461,Oceanography,NO,NO,NO,NO,NO,NO,NO,NO,YES,NO,NO,NO,NO,NO,NO
52127,TAU-07,,OCC-TAU-005,6-Aug-23,-14.227344,-169.418268,Oceanography,NO,NO,NO,NO,YES,NO,NO,NO,NO,NO,NO,NO,NO,NO,NO
52129,TAU-1309,,,6-Aug-23,-14.25198,-169.41893,Benthic,NO,YES,YES,YES,YES,NO,NO,NO,NO,NO,NO,NO,NO,NO,NO
52160,TAU-1209,,,8-Aug-23,-14.254634,-169.442873,Fish,YES,NO,NO,YES,NO,NO,NO,NO,NO,NO,YES,NO,YES,NO,NO
52161,TAU-1249,,,8-Aug-23,-14.255842,-169.470415,Fish,YES,NO,NO,YES,NO,NO,NO,NO,NO,NO,YES,NO,YES,NO,NO
52162,TAU-1229,,,8-Aug-23,-14.262339,-169.474821,Fish,YES,NO,NO,YES,NO,NO,NO,NO,NO,NO,YES,NO,YES,NO,NO
52163,TAU-1174,,,8-Aug-23,-14.238316,-169.515218,Fish,YES,NO,NO,YES,NO,NO,NO,NO,NO,NO,NO,NO,NO,NO,NO
52164,TAU-1169,,,8-Aug-23,-14.226217,-169.518183,Fish,YES,NO,NO,YES,NO,NO,NO,NO,NO,NO,NO,NO,NO,NO,NO
52165,TAU-1215,,,8-Aug-23,-14.221699,-169.519348,Fish,YES,NO,NO,YES,NO,NO,NO,NO,NO,NO,NO,NO,NO,NO,NO
52166,TAU-02,OCC-TAU-007,,8-Aug-23,-14.251191,-169.447133,Oceanography,NO,NO,NO,NO,NO,NO,NO,NO,NO,NO,YES,NO,YES,NO,NO
52167,TAU-08,,OCC-TAU-008,8-Aug-23,-14.262537,-169.474835,Oceanography,NO,NO,NO,NO,NO,NO,NO,NO,YES,NO,NO,NO,NO,NO,NO
52168,TAU-08,OCC-TAU-008,,8-Aug-23,-14.262925,-169.475207,Oceanography,NO,NO,NO,NO,NO,NO,NO,NO,NO,NO,YES,NO,YES,NO,NO
52170,TAU-1085,,OCC-TAU-012,8-Aug-23,-14.257372,-169.500286,Oceanography,NO,NO,NO,YES,NO,NO,NO,NO,NO,NO,NO,NO,NO,YES,YES
52180,TAU-949,,,8-Aug-23,-14.468191,-169.416793,Oceanography,NO,NO,NO,NO,NO,NO,NO,NO,NO,NO,YES,NO,YES,NO,NO
51889,ROS-01,,OCC-ROS-002,23-Jul-23,-14.53881,-168.145771,Oceanography,YES,NO,NO,YES,NO,NO,NO,YES,YES,YES,NO,NO,NO,YES,YES
51521,TUT-5484,,,27-Apr-23,-14.277399,-170.580364,Fish,YES,NO,NO,YES,YES,NO,NO,NO,NO,NO,NO,NO,NO,NO,NO
51522,TUT-5578,,,27-Apr-23,-14.301192,-170.57038,Fish,YES,NO,NO,YES,YES,NO,NO,NO,NO,NO,NO,NO,NO,NO,NO
51523,TUT-5479,,,27-Apr-23,-14.286311,-170.599152,Fish,YES,NO,NO,NO,YES,NO,NO,NO,NO,NO,NO,NO,NO,NO,NO
51524,TUT-5509,,,27-Apr-23,-14.298632,-170.615383,Fish,YES,NO,NO,YES,YES,NO,NO,NO,NO,NO,NO,NO,NO,NO,NO
51525,TUT-5626,,,27-Apr-23,-14.281252,-170.619274,Fish,YES,NO,NO,NO,YES,NO,NO,NO,NO,NO,NO,NO,NO,NO,NO
51526,TUT-5489,,,27-Apr-23,-14.284136,-170.625115,Fish,YES,NO,NO,NO,YES,NO,NO,NO,NO,NO,NO,NO,NO,NO,NO
51527,TUT-5512,,,27-Apr-23,-14.28407,-170.637806,Fish,YES,NO,NO,YES,YES,NO,NO,NO,NO,NO,NO,NO,NO,NO,NO
51528,TUT-5515,,,27-Apr-23,-14.308325,-170.641203,Fish,YES,NO,NO,YES,YES,NO,NO,NO,NO,NO,NO,NO,NO,NO,NO
51529,TUT-5490,,,27-Apr-23,-14.312003,-170.644979,Fish,YES,NO,NO,NO,NO,NO,NO,NO,NO,NO,NO,NO,NO,NO,NO
51580,HOW-1098,,,4-May-23,0.811189,-176.611288,Fish,YES,NO,NO,YES,YES,NO,NO,NO,NO,NO,YES,NO,YES,NO,NO
51581,HOW-1066,,,4-May-23,0.816669,-176.614454,Fish,YES,NO,NO,YES,YES,NO,NO,NO,NO,NO,NO,NO,NO,NO,NO
51582,HOW-1085,,,4-May-23,0.814136,-176.623802,Fish,YES,NO,NO,YES,YES,NO,NO,NO,NO,NO,YES,NO,YES,NO,NO
51583,HOW-1099,,,4-May-23,0.823807,-176.620286,Fish,YES,NO,NO,YES,YES,NO,NO,NO,NO,NO,YES,NO,YES,NO,NO
51584,HOW-1093,,,4-May-23,0.823219,-176.62399,Fish,YES,NO,NO,YES,YES,NO,NO,NO,NO,NO,NO,NO,NO,NO,NO
51585,HOW-1067,,,4-May-23,0.809902,-176.611016,Fish,YES,NO,NO,YES,YES,NO,NO,NO,NO,NO,NO,NO,NO,NO,NO
51891,ROS-01,OCC-ROS-002,,23-Jul-23,-14.538534,-168.145802,Oceanography,NO,NO,NO,NO,NO,NO,NO,NO,NO,NO,YES,NO,YES,NO,NO
51892,ROS-5002,OCC-ROS-004,,23-Jul-23,-14.539381,-168.150435,Oceanography,NO,NO,NO,NO,NO,NO,NO,NO,NO,NO,YES,NO,YES,NO,NO
51908,ROS-07,,OCC-ROS-010,24-Jul-23,-14.548665,-168.168744,Oceanography,NO,NO,NO,NO,NO,NO,NO,YES,YES,NO,NO,NO,NO,YES,YES
51912,ROS-5005,,OCC-ROS-017,24-Jul-23,-14.55132958,-168.1602799,Oceanography,NO,NO,NO,NO,NO,NO,NO,NO,NO,NO,NO,NO,NO,YES,YES
51967,TAU-12,,OCC-TAU-011,28-Jul-23,-14.25762,-169.50094,Oceanography,NO,NO,NO,NO,YES,NO,NO,NO,NO,NO,NO,NO,NO,NO,NO
52041,TAU-1266,,,1-Aug-23,-14.209144,-169.456007,Fish,YES,NO,NO,YES,NO,NO,NO,NO,NO,NO,YES,NO,YES,NO,NO
52001,ROS-5106,,,30-Jul-23,-14.55914,-168.160621,Fish,YES,NO,NO,YES,YES,NO,NO,NO,NO,NO,NO,NO,NO,NO,NO
52002,ROS-5041,,,30-Jul-23,-14.54967,-168.168068,Fish,YES,NO,NO,YES,YES,NO,NO,NO,NO,NO,NO,NO,NO,NO,NO
52042,TAU-1242,,,1-Aug-23,-14.21442,-169.496333,Fish,YES,NO,NO,YES,NO,NO,NO,NO,NO,NO,YES,NO,YES,NO,NO
52043,TAU-1204,,,1-Aug-23,-14.214098,-169.481694,Fish,YES,NO,NO,YES,NO,NO,NO,NO,NO,NO,NO,NO,NO,NO,NO
52044,TAU-1233,,,1-Aug-23,-14.216703,-169.512016,Fish,YES,NO,NO,YES,NO,NO,NO,NO,NO,NO,NO,NO,NO,NO,NO
52045,TAU-1274,,,1-Aug-23,-14.253046,-169.503026,Fish,YES,NO,NO,YES,NO,NO,NO,NO,NO,NO,NO,NO,NO,NO,NO
52046,TAU-1193,,,1-Aug-23,-14.262562,-169.500048,Fish,YES,NO,NO,YES,NO,NO,NO,NO,NO,NO,NO,NO,NO,NO,NO
52047,TAU-1081,,OCC-TAU-001,1-Aug-23,-14.210865,-169.440638,Oceanography,NO,NO,NO,YES,NO,NO,NO,NO,NO,NO,NO,NO,NO,YES,YES
52082,TUT-5566,,,3-Aug-23,-14.36142,-170.75052,Fish,YES,NO,NO,YES,NO,NO,NO,NO,NO,NO,NO,NO,NO,NO,NO
52083,TUT-5419,,,3-Aug-23,-14.360112,-170.749777,Fish,YES,NO,NO,YES,NO,NO,NO,NO,NO,NO,NO,NO,NO,NO,NO
52084,TUT-5420,,,3-Aug-23,-14.360988,-170.751657,Fish,YES,NO,NO,YES,NO,NO,NO,NO,NO,NO,NO,NO,NO,NO,NO
52085,TUT-5326,,,3-Aug-23,-14.369611,-170.754525,Fish,YES,NO,NO,YES,NO,NO,NO,NO,NO,NO,NO,NO,NO,NO,NO
52086,TUT-5302,,,3-Aug-23,-14.362756,-170.766591,Fish,YES,NO,NO,YES,NO,NO,NO,NO,NO,NO,NO,NO,NO,NO,NO
51586,HOW-1101,,,4-May-23,0.803855,-176.60945,Fish,YES,NO,NO,YES,YES,NO,NO,NO,NO,NO,YES,NO,YES,NO,NO
51587,HOW-1109,,,4-May-23,0.790051,-176.614339,Fish,YES,NO,NO,NO,NO,NO,NO,NO,NO,NO,NO,NO,NO,NO,NO
51588,HOW-1079,,,4-May-23,0.798618,-176.620183,Fish,YES,NO,NO,YES,YES,NO,NO,NO,NO,NO,NO,NO,NO,NO,NO
51589,HOW-1069,,,4-May-23,0.806709,-176.62139,Fish,YES,NO,NO,NO,NO,NO,NO,NO,NO,NO,NO,NO,NO,NO,NO
51620,HOW-1092,,,7-May-23,0.80089,-176.621135,Fish,YES,NO,NO,YES,NO,NO,NO,NO,NO,NO,NO,NO,NO,NO,NO
51621,HOW-1074,,,7-May-23,0.811996,-176.623063,Fish,YES,NO,NO,YES,YES,NO,NO,NO,NO,NO,NO,NO,NO,NO,NO
51726,TUT-74,,OCC-TUT-021,4-Jul-23,-14.294424,-170.811971,Oceanography,NO,NO,NO,YES,NO,NO,NO,NO,NO,NO,NO,NO,NO,YES,YES
51728,TUT-74,OCC-TUT-024,,4-Jul-23,-14.294674,-170.812063,Oceanography,NO,NO,NO,NO,NO,NO,NO,NO,NO,NO,YES,NO,YES,NO,NO
51785,TUT-513,,OCC-TUT-010,7-Jul-23,-14.288578,-170.63446,Oceanography,NO,NO,NO,YES,NO,NO,NO,NO,NO,NO,NO,NO,NO,YES,NO
51786,TUT-513,,OCC-TUT-011,7-Jul-23,-14.288397,-170.634552,Oceanography,NO,NO,NO,YES,NO,NO,NO,NO,NO,NO,NO,NO,NO,YES,NO
51788,TUT-513,OCC-TUT-011,,7-Jul-23,-14.288304,-170.634508,Oceanography,NO,NO,NO,NO,NO,NO,NO,NO,NO,NO,YES,NO,YES,NO,NO
51807,TUT-72,OCC-TUT-002,,8-Jul-23,-14.244596,-170.660078,Oceanography,NO,NO,NO,NO,NO,NO,NO,NO,NO,NO,YES,NO,YES,NO,NO
51810,TUT-72,,OCC-TUT-001,8-Jul-23,-14.244585,-170.660163,Oceanography,NO,NO,NO,YES,NO,NO,NO,NO,NO,NO,NO,NO,NO,YES,YES
51814,TUT-5006,,OCC-TUT-003,8-Jul-23,-14.245595,-170.660451,Oceanography,NO,NO,NO,YES,NO,NO,NO,NO,NO,NO,NO,NO,NO,YES,YES
51680,TUT-5306,,,1-Jul-23,-14.366707,-170.763577,Fish,YES,NO,NO,YES,NO,NO,NO,NO,NO,NO,NO,NO,NO,NO,NO
51681,TUT-5304,,,1-Jul-23,-14.36372,-170.767926,Fish,YES,NO,NO,YES,NO,NO,NO,NO,NO,NO,NO,NO,NO,NO,NO
51682,TUT-5665,,,1-Jul-23,-14.364282,-170.762315,Fish,YES,NO,NO,YES,NO,NO,NO,NO,NO,NO,NO,NO,NO,NO,NO
51683,TUT-5290,,,1-Jul-23,-14.36497,-170.761978,Fish,YES,NO,NO,YES,NO,NO,NO,NO,NO,NO,NO,NO,NO,NO,NO
51684,TUT-5283,,,1-Jul-23,-14.362516,-170.764251,Fish,YES,NO,NO,YES,NO,NO,NO,NO,NO,NO,NO,NO,NO,NO,NO
51688,TUT-2347,OCC-TUT-016,,1-Jul-23,-14.363388,-170.763799,Oceanography,NO,NO,NO,NO,NO,NO,NO,NO,NO,NO,YES,NO,YES,NO,NO
51693,TUT-75,,OCC-TUT-018,1-Jul-23,-14.363156,-170.763102,Oceanography,NO,NO,NO,NO,NO,NO,NO,NO,NO,NO,NO,NO,NO,NO,YES
51727,TUT-74,,OCC-TUT-024,4-Jul-23,-14.294931,-170.811957,Oceanography,NO,NO,NO,YES,NO,NO,NO,NO,NO,NO,NO,NO,NO,YES,YES
51729,TUT-74,OCC-TUT-021,,4-Jul-23,-14.294398,-170.812149,Oceanography,NO,NO,NO,NO,NO,NO,NO,NO,NO,NO,YES,NO,YES,NO,NO
51811,TUT-72,,OCC-TUT-002,8-Jul-23,-14.244767,-170.66008,Oceanography,NO,NO,NO,YES,NO,YES,YES,YES,YES,NO,NO,NO,NO,YES,YES
51812,TUT-72,,OCC-TUT-002,8-Jul-23,-14.244745,-170.660085,Oceanography,NO,NO,NO,NO,YES,NO,NO,NO,NO,NO,NO,NO,NO,NO,NO
51745,TUT-953,,,5-Jul-23,-14.117641,-170.460043,Oceanography,NO,NO,NO,NO,NO,NO,NO,NO,NO,NO,YES,NO,YES,NO,NO
51800,TUT-5608,,,8-Jul-23,-14.247432,-170.633056,Fish,YES,NO,NO,YES,NO,NO,NO,NO,NO,NO,YES,NO,YES,NO,NO
51801,TUT-5609,,,8-Jul-23,-14.245036,-170.58003,Fish,YES,NO,NO,YES,NO,NO,NO,NO,NO,NO,NO,NO,NO,NO,NO
51802,TUT-5470,,,8-Jul-23,-14.251367,-170.586757,Fish,YES,NO,NO,YES,NO,NO,NO,NO,NO,NO,YES,NO,YES,NO,NO
51803,TUT-5474,,,8-Jul-23,-14.250545,-170.62123,Fish,YES,NO,NO,YES,NO,NO,NO,NO,NO,NO,YES,NO,YES,NO,NO
51804,TUT-5351,,,8-Jul-23,-14.255768,-170.623633,Fish,YES,NO,NO,YES,YES,NO,NO,NO,NO,NO,NO,NO,NO,NO,NO
51805,TUT-5454,,,8-Jul-23,-14.246182,-170.666712,Fish,YES,NO,NO,YES,NO,NO,NO,NO,NO,NO,NO,NO,NO,NO,NO
51806,TUT-72,OCC-TUT-001,,8-Jul-23,-14.244064,-170.660728,Oceanography,NO,NO,NO,NO,NO,NO,NO,NO,NO,NO,YES,NO,YES,NO,NO
51035,HOW-12,,OCC-HOW-002,16-Mar-23,0.809381,-176.61048,Oceanography,NO,NO,NO,YES,NO,NO,NO,NO,NO,NO,NO,NO,NO,YES,YES
51039,HOW-13,,OCC-HOW-001,16-Mar-23,0.819811,-176.616107,Oceanography,NO,NO,NO,YES,NO,NO,NO,YES,YES,NO,NO,NO,NO,YES,NO
51042,HOW-11,,OCC-HOW-005,16-Mar-23,0.798796,-176.620253,Oceanography,NO,NO,NO,NO,YES,NO,NO,NO,NO,NO,NO,NO,NO,NO,NO
51105,BAK-1999,,OCC-BAK-009,19-Mar-23,0.191671,-176.488919,Oceanography,NO,NO,NO,YES,NO,NO,NO,NO,NO,NO,NO,NO,NO,YES,NO
51106,BAK-1999,OCC-BAK-009,,19-Mar-23,0.191591,-176.488953,Oceanography,NO,NO,NO,NO,NO,NO,NO,NO,NO,NO,YES,NO,YES,NO,NO
51107,BAK-14,,OCC-BAK-003,19-Mar-23,0.205082,-176.474519,Oceanography,NO,NO,NO,YES,NO,NO,NO,YES,YES,NO,NO,NO,NO,YES,NO
51108,BAK-14,,OCC-BAK-003,19-Mar-23,0.205059,-176.474506,Oceanography,NO,NO,NO,NO,YES,NO,NO,NO,NO,NO,NO,NO,NO,NO,NO
51110,BAK-50,OCC-BAK-007,,19-Mar-23,0.187276,-176.470824,Oceanography,NO,NO,NO,NO,NO,NO,NO,NO,NO,NO,YES,NO,YES,NO,NO
51111,BAK-50,,OCC-BAK-007,19-Mar-23,0.186996,-176.470441,Oceanography,NO,NO,NO,YES,YES,NO,NO,NO,YES,NO,NO,NO,NO,NO,NO
51180,TAU-1335,,,3-Apr-23,-14.210851,-169.445743,Benthic,NO,YES,YES,YES,YES,NO,NO,NO,NO,NO,NO,NO,NO,NO,NO
51181,TAU-1304,,,3-Apr-23,-14.214323,-169.466882,Benthic,NO,YES,YES,YES,YES,NO,NO,NO,NO,NO,NO,NO,NO,NO,NO
51182,TAU-1302,,,3-Apr-23,-14.214573,-169.485759,Benthic,NO,YES,YES,YES,NO,NO,NO,NO,NO,NO,NO,NO,NO,NO,NO
51183,TAU-1289,,,3-Apr-23,-14.216636,-169.497562,Benthic,NO,YES,YES,YES,YES,NO,NO,NO,NO,NO,NO,NO,NO,NO,NO
51200,ROS-5250,,,4-Apr-23,-14.559759,-168.15997,Benthic,NO,YES,YES,YES,YES,NO,NO,NO,NO,NO,NO,NO,NO,NO,NO
51201,ROS-5221,,,4-Apr-23,-14.551748,-168.166399,Benthic,NO,YES,YES,YES,YES,NO,NO,NO,NO,NO,NO,NO,NO,NO,NO
51202,ROS-5227,,,4-Apr-23,-14.545054,-168.171236,Benthic,NO,YES,YES,YES,YES,NO,NO,NO,NO,NO,NO,NO,NO,NO,NO
51203,ROS-5197,,,4-Apr-23,-14.538404,-168.171917,Benthic,NO,YES,YES,YES,YES,NO,NO,NO,NO,NO,NO,NO,NO,NO,NO
51260,TAU-1322,,,7-Apr-23,-14.273143,-169.495454,Benthic,NO,YES,YES,YES,YES,NO,NO,NO,NO,NO,NO,NO,NO,NO,NO
51261,TAU-1296,,,7-Apr-23,-14.275308,-169.491361,Benthic,NO,YES,YES,YES,YES,NO,NO,NO,NO,NO,NO,NO,NO,NO,NO
52087,TUT-5312,,,3-Aug-23,-14.365064,-170.761727,Fish,YES,NO,NO,YES,NO,NO,NO,NO,NO,NO,NO,NO,NO,NO,NO
52101,TUT-5008,OCC-TUT-026,OCC-TUT-026,5-Aug-23,-14.281459,-170.724856,Oceanography,NO,NO,NO,NO,NO,NO,NO,NO,NO,NO,YES,NO,YES,NO,NO
52126,TAU-07,OCC-TAU-004,,6-Aug-23,-14.227482,-169.417908,Oceanography,NO,NO,NO,NO,NO,NO,NO,NO,NO,NO,YES,NO,YES,NO,NO
52130,TAU-948,,,6-Aug-23,-14.148999,-169.187558,Oceanography,NO,NO,NO,NO,NO,NO,NO,NO,NO,NO,YES,NO,YES,NO,NO
52181,TUT-5617,,,9-Aug-23,-14.252049,-170.646874,Fish,YES,NO,NO,YES,NO,NO,NO,NO,NO,NO,NO,NO,NO,NO,NO
52182,TUT-5464,,,9-Aug-23,-14.248091,-170.653181,Fish,YES,NO,NO,YES,NO,NO,NO,NO,NO,NO,NO,NO,NO,NO,NO
52184,TUT-5473,,,9-Aug-23,-14.248585,-170.638277,Fish,YES,NO,NO,YES,NO,NO,NO,NO,NO,NO,NO,NO,NO,NO,NO
52185,TUT-5346,,,9-Aug-23,-14.252131,-170.624633,Fish,YES,NO,NO,YES,NO,NO,NO,NO,NO,NO,NO,NO,NO,NO,NO
52186,TUT-5459,,,9-Aug-23,-14.247794,-170.6246,Fish,YES,NO,NO,YES,NO,NO,NO,NO,NO,NO,NO,NO,NO,NO,NO
51872,OFU-54,OCC-OFU-009,,22-Jul-23,-14.18042,-169.651956,Oceanography,NO,NO,NO,NO,NO,NO,NO,NO,NO,NO,YES,NO,YES,NO,NO
51880,ROS-5117,,,23-Jul-23,-14.552593,-168.14141,Fish,YES,NO,NO,YES,YES,NO,NO,NO,NO,NO,NO,NO,NO,NO,NO
51881,ROS-5040,,,23-Jul-23,-14.537614,-168.146401,Fish,YES,NO,NO,YES,YES,NO,NO,NO,NO,NO,NO,NO,NO,NO,NO
51882,ROS-5088,,,23-Jul-23,-14.533927,-168.148402,Fish,YES,NO,NO,YES,YES,NO,NO,NO,NO,NO,NO,NO,NO,NO,NO
51883,ROS-5090,,,23-Jul-23,-14.545331,-168.140945,Fish,YES,NO,NO,YES,YES,NO,NO,NO,NO,NO,NO,NO,NO,NO,NO
51884,ROS-5079,,,23-Jul-23,-14.554971,-168.147701,Fish,YES,NO,NO,YES,NO,NO,NO,NO,NO,NO,NO,NO,NO,NO,NO
51885,ROS-5054,,,23-Jul-23,-14.557209,-168.162109,Fish,YES,NO,NO,YES,NO,NO,NO,NO,NO,NO,NO,NO,NO,NO,NO
51946,TUT-75,OCC-TUT-017,,27-Jul-23,-14.363677,-170.763174,Oceanography,NO,NO,NO,NO,NO,NO,NO,NO,NO,NO,YES,NO,YES,NO,NO
51947,TUT-75,,OCC-TUT-017,27-Jul-23,-14.363527,-170.763115,Oceanography,NO,NO,NO,NO,YES,NO,NO,NO,NO,YES,NO,NO,NO,NO,NO
52020,ROS-5161,,,31-Jul-23,-14.540606,-168.144526,Fish,YES,NO,NO,YES,YES,NO,NO,NO,NO,NO,NO,NO,NO,NO,NO
52021,ROS-5138,,,31-Jul-23,-14.528384,-168.150061,Fish,YES,NO,NO,YES,YES,NO,NO,NO,NO,NO,NO,NO,NO,NO,NO
52022,ROS-5119,,,31-Jul-23,-14.531433,-168.148902,Fish,YES,NO,NO,YES,YES,NO,NO,NO,NO,NO,NO,NO,NO,NO,NO
52023,ROS-5037,,,31-Jul-23,-14.534991,-168.160625,Fish,YES,NO,NO,YES,YES,NO,NO,NO,NO,NO,NO,NO,NO,NO,NO
52024,ROS-5036,,,31-Jul-23,-14.536392,-168.165451,Fish,YES,NO,NO,YES,NO,NO,NO,NO,NO,NO,NO,NO,NO,NO,NO
52025,ROS-5046,,,31-Jul-23,-14.538849,-168.172437,Fish,YES,NO,NO,YES,NO,NO,NO,NO,NO,NO,NO,NO,NO,NO,NO
52026,ROS-01,OCC-ROS-002,,31-Jul-23,-14.538601,-168.145837,Oceanography,NO,NO,NO,NO,NO,NO,NO,NO,NO,NO,YES,NO,YES,NO,NO
52028,ROS-637,,OCC-ROS-011,31-Jul-23,-14.54864,-168.168643,Oceanography,NO,NO,NO,YES,NO,NO,NO,NO,NO,NO,NO,NO,NO,YES,NO
52132,TAU-1083,,OCC-TAU-006,6-Aug-23,-14.22724404,-169.418195,Oceanography,NO,NO,NO,YES,NO,NO,NO,NO,NO,NO,NO,NO,NO,YES,YES
52140,OFU-1277,,,7-Aug-23,-14.153301,-169.617877,Fish,YES,NO,NO,YES,NO,NO,NO,NO,NO,NO,YES,NO,YES,NO,NO
51863,OFU-03,OCC-OFU-012,,22-Jul-23,-14.186419,-169.659871,Oceanography,NO,NO,NO,NO,NO,NO,NO,NO,NO,NO,YES,NO,YES,NO,NO
51887,ROS-380,,OCC-ROS-001,23-Jul-23,-14.538699,-168.145709,Oceanography,NO,NO,NO,YES,NO,NO,NO,NO,NO,NO,NO,NO,NO,YES,YES
51893,ROS-5002,,OCC-ROS-004,23-Jul-23,-14.539895,-168.147897,Oceanography,NO,NO,NO,NO,NO,NO,NO,NO,NO,NO,NO,NO,NO,YES,YES
51922,ROS-5167,,,25-Jul-23,-14.54523,-168.158054,Fish,YES,NO,NO,YES,YES,NO,NO,NO,NO,NO,YES,NO,YES,NO,NO
51809,TUT-17,OCC-TUT-005,,8-Jul-23,-14.245193,-170.572552,Oceanography,NO,NO,NO,NO,NO,NO,NO,NO,NO,NO,YES,NO,YES,NO,NO
51668,TUT-16,OCC-TUT-007,,30-Jun-23,-14.285001,-170.564022,Oceanography,NO,NO,NO,NO,NO,NO,NO,NO,NO,NO,YES,NO,YES,NO,NO
51669,TUT-73,,OCC-TUT-008,30-Jun-23,-14.285366,-170.563866,Oceanography,NO,NO,NO,YES,NO,NO,NO,NO,NO,NO,NO,NO,NO,YES,NO
51685,TUT-2347,,OCC-TUT-016,1-Jul-23,-14.363344,-170.763815,Oceanography,NO,NO,NO,YES,NO,NO,NO,NO,NO,NO,NO,NO,NO,YES,YES
51687,TUT-75,OCC-TUT-017,,1-Jul-23,-14.363653,-170.763303,Oceanography,NO,NO,NO,NO,NO,NO,NO,NO,NO,NO,YES,NO,YES,NO,NO
51660,TUT-5616,,,30-Jun-23,-14.245681,-170.569453,Fish,YES,NO,NO,YES,NO,NO,NO,NO,NO,NO,NO,NO,NO,NO,NO
51661,TUT-5577,,,30-Jun-23,-14.291871,-170.549305,Fish,YES,NO,NO,YES,NO,NO,NO,NO,NO,NO,NO,NO,NO,NO,NO
51662,TUT-5431,,,30-Jun-23,-14.297241,-170.567059,Fish,YES,NO,NO,YES,NO,NO,NO,NO,NO,NO,NO,NO,NO,NO,NO
51663,TUT-5433,,,30-Jun-23,-14.290849,-170.561149,Fish,YES,NO,NO,YES,NO,NO,NO,NO,NO,NO,NO,NO,NO,NO,NO
51667,TUT-73,OCC-TUT-006,,30-Jun-23,-14.285419,-170.564677,Oceanography,NO,NO,NO,NO,NO,NO,NO,NO,NO,NO,YES,NO,YES,NO,NO
51640,PAL-949,,,24-Jun-23,6.093995,-162.011978,Oceanography,NO,NO,NO,NO,NO,NO,NO,NO,NO,NO,YES,NO,YES,NO,NO
51664,TUT-73,,OCC-TUT-006,30-Jun-23,-14.285146,-170.564214,Oceanography,NO,NO,NO,YES,NO,NO,NO,NO,NO,NO,NO,NO,NO,YES,YES
51666,TUT-16,,OCC-TUT-007,30-Jun-23,-14.285334,-170.563993,Oceanography,NO,NO,NO,NO,YES,NO,NO,NO,NO,NO,NO,NO,NO,NO,NO
51790,TUT-02,,OCC-TUT-009,7-Jul-23,-14.27782,-170.60721,Oceanography,NO,NO,NO,NO,NO,NO,NO,NO,YES,NO,NO,NO,NO,NO,NO
51670,TUT-73,OCC-TUT-008,,30-Jun-23,-14.285513,-170.564102,Oceanography,NO,NO,NO,NO,NO,NO,NO,NO,NO,NO,YES,NO,YES,NO,NO
51686,TUT-75,,OCC-TUT-017,1-Jul-23,-14.363558,-170.763188,Oceanography,NO,NO,NO,YES,NO,YES,YES,YES,YES,NO,NO,NO,NO,YES,YES
51689,TUT-75,OCC-TUT-018,,1-Jul-23,-14.363001,-170.762828,Oceanography,NO,NO,NO,NO,NO,NO,NO,NO,NO,NO,YES,NO,YES,NO,NO
51691,TUT-75,,OCC-TUT-017,1-Jul-23,-14.363534,-170.763112,Oceanography,NO,NO,NO,NO,YES,NO,NO,NO,NO,NO,NO,NO,NO,NO,NO
51692,TUT-75,,OCC-TUT-018,1-Jul-23,-14.363168,-170.763077,Oceanography,NO,NO,NO,YES,NO,NO,NO,NO,NO,NO,NO,NO,NO,YES,NO
51780,TUT-5639,,,7-Jul-23,-14.283322,-170.594439,Fish,YES,NO,NO,YES,NO,NO,NO,NO,NO,NO,YES,NO,YES,NO,NO
51781,TUT-5638,,,7-Jul-23,-14.299879,-170.611409,Fish,YES,NO,NO,YES,NO,NO,NO,NO,NO,NO,NO,NO,NO,NO,NO
51782,TUT-5626,,,7-Jul-23,-14.281184,-170.619337,Fish,YES,NO,NO,YES,NO,NO,NO,NO,NO,NO,YES,NO,YES,NO,NO
51783,TUT-5361,,,7-Jul-23,-14.271583,-170.609321,Fish,YES,NO,NO,YES,NO,NO,NO,NO,NO,NO,YES,NO,YES,NO,NO
51784,TUT-5385,,,7-Jul-23,-14.277186,-170.625578,Fish,YES,NO,NO,YES,NO,NO,NO,NO,NO,NO,NO,NO,NO,NO,NO
51787,TUT-513,OCC-TUT-010,,7-Jul-23,-14.288818,-170.63443,Oceanography,NO,NO,NO,NO,NO,NO,NO,NO,NO,NO,YES,NO,YES,NO,NO
51791,TUT-02,OCC-TUT-009,,7-Jul-23,-14.277671,-170.607166,Oceanography,NO,NO,NO,NO,NO,NO,NO,NO,NO,NO,YES,NO,YES,NO,NO
51808,TUT-5006,OCC-TUT-003,,8-Jul-23,-14.244925,-170.660191,Oceanography,NO,NO,NO,NO,NO,NO,NO,NO,NO,NO,YES,NO,YES,NO,NO
51815,TUT-954,,,8-Jul-23,-14.24945,-170.99495,Oceanography,NO,NO,NO,NO,NO,NO,NO,NO,NO,NO,YES,NO,YES,NO,NO
51820,TUT-5558,,,9-Jul-23,-14.289399,-170.791646,Fish,YES,NO,NO,YES,NO,NO,NO,NO,NO,NO,YES,NO,YES,NO,NO
51821,TUT-5415,,,9-Jul-23,-14.287976,-170.781592,Fish,YES,NO,NO,YES,NO,NO,NO,NO,NO,NO,YES,NO,YES,NO,NO
51822,TUT-5545,,,9-Jul-23,-14.287888,-170.76682,Fish,YES,NO,NO,YES,NO,NO,NO,NO,NO,NO,NO,NO,NO,NO,NO
51823,TUT-5412,,,9-Jul-23,-14.288195,-170.767512,Fish,YES,NO,NO,YES,YES,NO,NO,NO,NO,NO,YES,NO,YES,NO,NO
51923,ROS-5166,,,25-Jul-23,-14.543745,-168.150145,Fish,YES,NO,NO,YES,YES,NO,NO,NO,NO,NO,NO,NO,NO,NO,NO
51924,ROS-5102,,,25-Jul-23,-14.528948,-168.152066,Fish,YES,NO,NO,YES,YES,NO,NO,NO,NO,NO,NO,NO,NO,NO,NO
51925,ROS-5045,,,25-Jul-23,-14.534004,-168.148117,Fish,YES,NO,NO,YES,YES,NO,NO,NO,NO,NO,YES,NO,YES,NO,NO
51907,ROS-752,OCC-ROS-009,,24-Jul-23,-14.548514,-168.169157,Oceanography,NO,NO,NO,NO,NO,NO,NO,NO,NO,NO,YES,NO,YES,NO,NO
52003,ROS-950,,,30-Jul-23,-14.32564,-168.155421,Oceanography,NO,NO,NO,NO,NO,NO,NO,NO,NO,NO,YES,NO,YES,NO,NO
52100,TUT-5008,,OCC-TUT-026,5-Aug-23,-14.281461,-170.724697,Oceanography,NO,NO,NO,YES,NO,NO,NO,NO,NO,NO,NO,NO,NO,YES,YES
52106,TUT-19,OCC-TUT-025,,5-Aug-23,-14.283213,-170.72849,Oceanography,NO,NO,NO,NO,NO,NO,NO,NO,NO,NO,YES,NO,YES,NO,NO
52109,TUT-5554,,,5-Aug-23,-14.298203,-170.813842,Fish,YES,NO,NO,YES,NO,NO,NO,NO,NO,NO,YES,NO,YES,NO,NO
52110,TUT-5555,,,5-Aug-23,-14.282409,-170.810203,Fish,YES,NO,NO,YES,NO,NO,NO,NO,NO,NO,YES,NO,YES,NO,NO
52111,TUT-5406,,,5-Aug-23,-14.291786,-170.805623,Fish,YES,NO,NO,YES,NO,NO,NO,NO,NO,NO,YES,NO,YES,NO,NO
52112,TUT-5404,,,5-Aug-23,-14.290568,-170.749484,Fish,YES,NO,NO,YES,NO,NO,NO,NO,NO,NO,NO,NO,NO,NO,NO
52113,TUT-5398,,,5-Aug-23,-14.269664,-170.719414,Fish,YES,NO,NO,YES,NO,NO,NO,NO,NO,NO,NO,NO,NO,NO,NO
52114,TUT-5471,,,5-Aug-23,-14.26043,-170.709208,Fish,YES,NO,NO,YES,NO,NO,NO,NO,NO,NO,NO,NO,NO,NO,NO
51926,ROS-5114,,,25-Jul-23,-14.537051,-168.169319,Fish,YES,NO,NO,YES,YES,NO,NO,NO,NO,NO,YES,NO,YES,NO,NO
51927,ROS-5099,,,25-Jul-23,-14.542349,-168.172245,Fish,YES,NO,NO,YES,YES,NO,NO,NO,NO,NO,NO,NO,NO,NO,NO
52048,TAU-1081,OCC-TAU-001,,1-Aug-23,-14.210898,-169.440844,Oceanography,NO,NO,NO,NO,NO,NO,NO,NO,NO,NO,YES,NO,YES,NO,NO
52049,TAU-04,,OCC-TAU-002,1-Aug-23,-14.211713,-169.441015,Oceanography,NO,NO,NO,NO,NO,NO,YES,NO,YES,NO,NO,NO,NO,YES,YES
52169,TAU-1085,OCC-TAU-012,,8-Aug-23,-14.256879,-169.50058,Oceanography,NO,NO,NO,NO,NO,NO,NO,NO,NO,NO,YES,NO,YES,NO,NO
52171,TAU-1312,,,8-Aug-23,-14.257421,-169.435461,Benthic,NO,YES,YES,YES,YES,NO,NO,NO,NO,NO,YES,NO,YES,NO,NO
52172,TAU-1308,,,8-Aug-23,-14.255494,-169.470651,Benthic,NO,YES,YES,YES,YES,NO,NO,NO,NO,NO,NO,NO,NO,NO,NO
51865,OFU-1246,,,22-Jul-23,-14.191092,-169.617792,Fish,YES,NO,NO,YES,YES,NO,NO,NO,NO,NO,NO,NO,NO,NO,NO
51866,OFU-1247,,,22-Jul-23,-14.173689,-169.63297,Fish,YES,NO,NO,YES,YES,NO,NO,NO,NO,NO,NO,NO,NO,NO,NO
51867,OFU-1212,,,22-Jul-23,-14.173091,-169.644023,Fish,YES,NO,NO,YES,YES,NO,NO,NO,NO,NO,NO,NO,NO,NO,NO
51868,OFU-1192,,,22-Jul-23,-14.183888,-169.657699,Fish,YES,NO,NO,YES,YES,NO,NO,NO,NO,NO,NO,NO,NO,NO,NO
51869,OFU-1199,,,22-Jul-23,-14.184469,-169.67557,Fish,YES,NO,NO,YES,YES,NO,NO,NO,NO,NO,NO,NO,NO,NO,NO
51870,OFU-54,,OCC-OFU-009,22-Jul-23,-14.180579,-169.652067,Oceanography,NO,NO,NO,YES,NO,YES,YES,YES,YES,NO,NO,NO,NO,YES,YES
51940,TUT-5658,,,27-Jul-23,-14.367173,-170.771911,Fish,YES,NO,NO,YES,YES,NO,NO,NO,NO,NO,YES,NO,YES,NO,NO
51941,TUT-5425,,,27-Jul-23,-14.362525,-170.765893,Fish,YES,NO,NO,YES,YES,NO,NO,NO,NO,NO,YES,NO,YES,NO,NO
51942,TUT-5322,,,27-Jul-23,-14.36398,-170.762825,Fish,YES,NO,NO,YES,YES,NO,NO,NO,NO,NO,NO,NO,NO,NO,NO
51943,TUT-5294,,,27-Jul-23,-14.367768,-170.763226,Fish,YES,NO,NO,YES,NO,NO,NO,NO,NO,NO,NO,NO,NO,NO,NO
51944,TUT-5313,,,27-Jul-23,-14.362973,-170.762788,Fish,YES,NO,NO,YES,YES,NO,NO,NO,NO,NO,YES,NO,YES,NO,NO
51945,TUT-5524,,,27-Jul-23,-14.36643,-170.769523,Fish,YES,NO,NO,YES,NO,NO,NO,NO,NO,NO,NO,NO,NO,NO,NO
51988,OFU-09,OCC-OFU-002,,29-Jul-23,-14.157452,-169.674323,Oceanography,NO,NO,NO,NO,NO,NO,NO,NO,NO,NO,YES,NO,YES,NO,NO
52004,ROS-5154,,,30-Jul-23,-14.554611,-168.145072,Fish,YES,NO,NO,YES,YES,NO,NO,NO,NO,NO,NO,NO,NO,NO,NO
51400,TUT-5888,,,16-Apr-23,-14.264252,-170.714077,Benthic,NO,YES,YES,YES,NO,NO,NO,NO,NO,NO,NO,NO,NO,NO,NO
51401,TUT-5825,,,16-Apr-23,-14.249282,-170.690557,Benthic,NO,YES,YES,YES,NO,NO,NO,NO,NO,NO,NO,NO,NO,NO,NO
51402,TUT-5922,,,16-Apr-23,-14.24664,-170.687113,Benthic,NO,YES,YES,YES,NO,NO,NO,NO,NO,NO,NO,NO,NO,NO,NO
51403,TUT-5728,,,16-Apr-23,-14.240018,-170.675025,Benthic,NO,YES,YES,YES,NO,NO,NO,NO,NO,NO,NO,NO,NO,NO,NO
51420,TUT-5938,,,17-Apr-23,-14.295733,-170.651475,Benthic,NO,YES,YES,YES,NO,NO,NO,NO,NO,NO,NO,NO,NO,NO,NO
52040,ROS-07,OCC-ROS-010,,31-Jul-23,-14.548661,-168.169148,Oceanography,NO,NO,NO,NO,NO,NO,NO,NO,NO,NO,YES,NO,YES,NO,NO
52060,OFU-1188,,,2-Aug-23,-14.1759,-169.682351,Fish,YES,NO,NO,YES,NO,NO,NO,NO,NO,NO,YES,NO,YES,NO,NO
52061,OFU-1267,,,2-Aug-23,-14.186975,-169.664281,Fish,YES,NO,NO,YES,NO,NO,NO,NO,NO,NO,YES,NO,YES,NO,NO
52062,OFU-1233,,,2-Aug-23,-14.187827,-169.666304,Fish,YES,NO,NO,YES,NO,NO,NO,NO,NO,NO,NO,NO,NO,NO,NO
52063,OFU-1218,,,2-Aug-23,-14.182574,-169.677882,Fish,YES,NO,NO,YES,NO,NO,NO,NO,NO,NO,NO,NO,NO,NO,NO
52064,OFU-1239,,,2-Aug-23,-14.163469,-169.687434,Fish,YES,NO,NO,YES,NO,NO,NO,NO,NO,NO,YES,NO,YES,NO,NO
52065,OFU-1198,,,2-Aug-23,-14.163583,-169.684463,Fish,YES,NO,NO,YES,NO,NO,NO,NO,NO,NO,NO,NO,NO,NO,NO
52067,OFU-54,OCC-OFU-008,,2-Aug-23,-14.181204,-169.652177,Oceanography,NO,NO,NO,NO,NO,NO,NO,NO,NO,NO,YES,NO,YES,NO,NO
52072,OFU-09,OCC-OFU-002,,2-Aug-23,-14.157295,-169.67447,Oceanography,NO,NO,NO,NO,NO,NO,NO,NO,NO,NO,YES,NO,YES,NO,NO
52131,TAU-07,,OCC-TAU-005,6-Aug-23,-14.227388,-169.418195,Oceanography,NO,NO,NO,YES,NO,NO,NO,YES,YES,NO,NO,NO,NO,YES,YES
52141,OFU-1248,,,7-Aug-23,-14.156838,-169.607886,Fish,YES,NO,NO,YES,NO,NO,NO,NO,NO,NO,YES,NO,YES,NO,NO
52142,OFU-1220,,,7-Aug-23,-14.170227,-169.608428,Fish,YES,NO,NO,YES,NO,NO,NO,NO,NO,NO,YES,NO,YES,NO,NO
52143,OFU-1243,,,7-Aug-23,-14.178697,-169.605422,Fish,YES,NO,NO,YES,NO,NO,NO,NO,NO,NO,YES,NO,YES,NO,NO
51864,OFU-03,,OCC-OFU-012,22-Jul-23,-14.186487,-169.660117,Oceanography,NO,NO,NO,NO,NO,NO,NO,NO,YES,NO,NO,NO,NO,NO,NO
51960,TAU-1239,,,28-Jul-23,-14.27443,-169.49464,Fish,YES,NO,NO,YES,YES,NO,NO,NO,NO,NO,NO,NO,NO,NO,NO
51961,TAU-1240,,,28-Jul-23,-14.259593,-169.500877,Fish,YES,NO,NO,YES,YES,NO,NO,NO,NO,NO,NO,NO,NO,NO,NO
51963,TAU-1084,,OCC-TAU-010,28-Jul-23,-14.257412,-169.501394,Oceanography,NO,NO,NO,YES,NO,NO,NO,NO,NO,NO,NO,NO,NO,YES,YES
51964,TAU-1084,OCC-TAU-010,,28-Jul-23,-14.257403,-169.501514,Oceanography,NO,NO,NO,NO,NO,NO,NO,NO,NO,NO,YES,NO,YES,NO,NO
51965,TAU-12,,OCC-TAU-011,28-Jul-23,-14.257579,-169.500962,Oceanography,NO,NO,NO,YES,NO,YES,YES,YES,YES,NO,NO,NO,NO,YES,YES
51966,TAU-12,OCC-TAU-011,,28-Jul-23,-14.258012,-169.501047,Oceanography,NO,NO,NO,NO,NO,NO,NO,NO,NO,NO,YES,NO,YES,NO,NO
51992,OFU-945,,,29-Jul-23,-14.163974,-169.655649,Oceanography,NO,NO,NO,NO,NO,NO,NO,NO,NO,NO,YES,NO,YES,NO,NO
52050,TAU-04,OCC-TAU-002,,1-Aug-23,-14.211742,-169.441249,Oceanography,NO,NO,NO,NO,NO,NO,NO,NO,NO,NO,YES,NO,YES,NO,NO
52052,TAU-1082,,OCC-TAU-003,1-Aug-23,-14.212971,-169.441879,Oceanography,NO,NO,NO,YES,NO,NO,NO,NO,NO,NO,NO,NO,NO,YES,NO
52053,TAU-11,OCC-TAU-013,,1-Aug-23,-14.217267,-169.512945,Oceanography,NO,NO,NO,NO,NO,NO,NO,NO,NO,NO,YES,NO,YES,NO,NO
52120,TAU-1271,,,6-Aug-23,-14.229971,-169.417455,Fish,YES,NO,NO,YES,NO,NO,NO,NO,NO,NO,YES,NO,YES,NO,NO
52121,TAU-1250,,,6-Aug-23,-14.239182,-169.418839,Fish,YES,NO,NO,YES,NO,NO,NO,NO,NO,NO,YES,NO,YES,NO,NO
52122,TAU-1217,,,6-Aug-23,-14.241436,-169.4192,Fish,YES,NO,NO,YES,NO,NO,NO,NO,NO,NO,YES,NO,YES,NO,NO
52123,TAU-1260,,,6-Aug-23,-14.248889,-169.41749,Fish,YES,NO,NO,YES,NO,NO,NO,NO,NO,NO,NO,NO,NO,NO,NO
52124,TAU-1225,,,6-Aug-23,-14.252678,-169.418679,Fish,YES,NO,NO,YES,NO,NO,NO,NO,NO,NO,NO,NO,NO,NO,NO
52144,OFU-1194,,,7-Aug-23,-14.188674,-169.609387,Fish,YES,NO,NO,YES,NO,NO,NO,NO,NO,NO,NO,NO,NO,NO,NO
52145,OFU-1195,,,7-Aug-23,-14.156994,-169.617973,Fish,YES,NO,NO,YES,NO,NO,NO,NO,NO,NO,NO,NO,NO,NO,NO
52146,OFU-1210,,,7-Aug-23,-14.164301,-169.624202,Fish,YES,NO,NO,YES,NO,NO,NO,NO,NO,NO,NO,NO,NO,NO,NO
51986,OFU-1055,OCC-OFU-001,,29-Jul-23,-14.15661,-169.67475,Oceanography,NO,NO,NO,NO,NO,NO,NO,NO,NO,NO,YES,NO,YES,NO,NO
51421,TUT-5863,,,17-Apr-23,-14.283092,-170.606971,Benthic,NO,YES,YES,YES,NO,NO,NO,NO,NO,NO,NO,NO,NO,NO,NO
51422,TUT-5853,,,17-Apr-23,-14.28321,-170.62463,Benthic,NO,YES,YES,YES,NO,NO,NO,NO,NO,NO,NO,NO,NO,NO,NO
51440,TUT-5906,,,18-Apr-23,-14.366136,-170.764082,Benthic,NO,YES,YES,YES,YES,NO,NO,NO,NO,NO,NO,NO,NO,NO,NO
51441,TUT-5797,,,18-Apr-23,-14.365622,-170.762868,Benthic,NO,YES,YES,YES,YES,NO,NO,NO,NO,NO,NO,NO,NO,NO,NO
51442,TUT-5795,,,18-Apr-23,-14.364058,-170.761836,Benthic,NO,YES,YES,YES,YES,NO,NO,NO,NO,NO,NO,NO,NO,NO,NO
51443,TUT-5709,,,18-Apr-23,-14.365412,-170.761482,Benthic,NO,YES,YES,YES,YES,NO,NO,NO,NO,NO,NO,NO,NO,NO,NO
51444,TUT-5902,,,18-Apr-23,-14.361659,-170.750929,Benthic,NO,YES,YES,YES,NO,NO,NO,NO,NO,NO,NO,NO,NO,NO,NO
51445,TUT-5788,,,18-Apr-23,-14.361147,-170.748325,Benthic,NO,YES,YES,YES,NO,NO,NO,NO,NO,NO,NO,NO,NO,NO,NO
51446,TUT-5789,,,18-Apr-23,-14.359775,-170.749356,Benthic,NO,YES,YES,YES,NO,NO,NO,NO,NO,NO,NO,NO,NO,NO,NO
51447,TUT-5903,,,18-Apr-23,-14.361773,-170.752602,Benthic,NO,YES,YES,YES,NO,NO,NO,NO,NO,NO,NO,NO,NO,NO,NO
51460,TUT-5858,,,19-Apr-23,-14.34884,-170.723,Benthic,NO,YES,YES,YES,NO,NO,NO,NO,NO,NO,NO,NO,NO,NO,NO
51461,TUT-5982,,,19-Apr-23,-14.344802,-170.719239,Benthic,NO,YES,YES,YES,NO,NO,NO,NO,NO,NO,NO,NO,NO,NO,NO
51462,TUT-5990,,,19-Apr-23,-14.338761,-170.717171,Benthic,NO,YES,YES,YES,NO,NO,NO,NO,NO,NO,NO,NO,NO,NO,NO
51463,TUT-5975,,,19-Apr-23,-14.337026,-170.710782,Benthic,NO,YES,YES,YES,NO,NO,NO,NO,NO,NO,NO,NO,NO,NO,NO
51464,TUT-5935,,,19-Apr-23,-14.364271,-170.738319,Benthic,NO,YES,YES,YES,NO,NO,NO,NO,NO,NO,NO,NO,NO,NO,NO
51465,TUT-5847,,,19-Apr-23,-14.358896,-170.734191,Benthic,NO,YES,YES,YES,NO,NO,NO,NO,NO,NO,NO,NO,NO,NO,NO
51466,TUT-5840,,,19-Apr-23,-14.353795,-170.730062,Benthic,NO,YES,YES,YES,NO,NO,NO,NO,NO,NO,NO,NO,NO,NO,NO
51467,TUT-5842,,,19-Apr-23,-14.348387,-170.72576,Benthic,NO,YES,YES,YES,NO,NO,NO,NO,NO,NO,NO,NO,NO,NO,NO
51185,TAU-1306,,,3-Apr-23,-14.241813,-169.419129,Benthic,NO,YES,YES,YES,YES,NO,NO,NO,NO,NO,NO,NO,NO,NO,NO
51186,TAU-1294,,,3-Apr-23,-14.211412,-169.434351,Benthic,NO,YES,YES,YES,YES,NO,NO,NO,NO,NO,NO,NO,NO,NO,NO
51187,TAU-1286,,,3-Apr-23,-14.211204,-169.450681,Benthic,NO,YES,YES,YES,YES,NO,NO,NO,NO,NO,NO,NO,NO,NO,NO
51262,TAU-1341,,,7-Apr-23,-14.249653,-169.504868,Benthic,NO,YES,YES,YES,YES,NO,NO,NO,NO,NO,NO,NO,NO,NO,NO
51263,TAU-1321,,,7-Apr-23,-14.252967,-169.503459,Benthic,NO,YES,YES,YES,YES,NO,NO,NO,NO,NO,NO,NO,NO,NO,NO
51264,TAU-1295,,,7-Apr-23,-14.26014,-169.500211,Benthic,NO,YES,YES,YES,YES,NO,NO,NO,NO,NO,NO,NO,NO,NO,NO
51265,TAU-1279,,,7-Apr-23,-14.264125,-169.498697,Benthic,NO,YES,YES,YES,YES,NO,NO,NO,NO,NO,NO,NO,NO,NO,NO
51300,TUT-5891,,,10-Apr-23,-14.272205,-170.723301,Benthic,NO,YES,YES,YES,YES,NO,NO,NO,NO,NO,NO,NO,NO,NO,NO
51989,OFU-01,,OCC-OFU-004,29-Jul-23,-14.164439,-169.655679,Oceanography,NO,NO,NO,NO,NO,NO,NO,NO,YES,NO,NO,NO,NO,NO,NO
52029,ROS-951,,,31-Jul-23,-14.518156,-168.152072,Oceanography,NO,NO,NO,NO,NO,NO,NO,NO,NO,NO,YES,NO,YES,NO,NO
52074,OFU-946,,,2-Aug-23,-13.946063,-169.650029,Oceanography,NO,NO,NO,NO,NO,NO,NO,NO,NO,NO,YES,NO,YES,NO,NO
52200,TUT-5348,,,9-Aug-23,-14.249752,-170.672201,Fish,YES,NO,NO,YES,NO,NO,NO,NO,NO,NO,NO,NO,NO,NO,NO
52073,OFU-1056,,OCC-OFU-003,2-Aug-23,-14.158634,-169.674087,Oceanography,NO,NO,NO,YES,NO,NO,NO,NO,NO,NO,NO,NO,NO,YES,NO
52128,TAU-07,OCC-TAU-005,,6-Aug-23,-14.227623,-169.418047,Oceanography,NO,NO,NO,NO,NO,NO,NO,NO,NO,NO,YES,NO,YES,NO,NO
51301,TUT-5775,,,10-Apr-23,-14.288163,-170.759358,Benthic,NO,YES,YES,YES,YES,NO,NO,NO,NO,NO,NO,NO,NO,NO,NO
